Dataset,Model,True_Label,Predicted_Label
Train,Logistic_Regression,1,0
Train,Logistic_Regression,0,0
Train,Logistic_Regression,0,0
Train,Logistic_Regression,0,0
Train,Logistic_Regression,0,0
Train,Logistic_Regression,0,0
Train,Logistic_Regression,0,0
Train,Logistic_Regression,1,1
Train,Logistic_Regression,0,0
Train,Logistic_Regression,1,1
Train,Logistic_Regression,1,1
Train,Logistic_Regression,0,0
Train,Logistic_Regression,0,0
Train,Logistic_Regression,1,1
Train,Logistic_Regression,0,0
Train,Logistic_Regression,0,0
Train,Logistic_Regression,0,0
Train,Logistic_Regression,1,1
Train,Logistic_Regression,1,1
Train,Logistic_Regression,1,1
Train,Logistic_Regression,0,0
Train,Logistic_Regression,1,1
Train,Logistic_Regression,0,0
Train,Logistic_Regression,0,0
Train,Logistic_Regression,0,1
Train,Logistic_Regression,0,0
Train,Logistic_Regression,1,1
Train,Logistic_Regression,0,1
Train,Logistic_Regression,0,0
Train,Logistic_Regression,0,0
Train,Logistic_Regression,1,1
Train,Logistic_Regression,1,1
Train,Logistic_Regression,0,0
Train,Logistic_Regression,0,0
Train,Logistic_Regression,0,1
Train,Logistic_Regression,0,0
Train,Logistic_Regression,1,1
Train,Logistic_Regression,0,0
Train,Logistic_Regression,0,0
Train,Logistic_Regression,1,1
Train,Logistic_Regression,0,0
Train,Logistic_Regression,0,0
Train,Logistic_Regression,0,0
Train,Logistic_Regression,1,1
Train,Logistic_Regression,1,1
Train,Logistic_Regression,0,0
Train,Logistic_Regression,0,0
Train,Logistic_Regression,0,0
Train,Logistic_Regression,0,0
Train,Logistic_Regression,0,0
Train,Logistic_Regression,1,1
Train,Logistic_Regression,0,0
Train,Logistic_Regression,1,1
Train,Logistic_Regression,0,0
Train,Logistic_Regression,1,1
Train,Logistic_Regression,1,1
Train,Logistic_Regression,0,0
Train,Logistic_Regression,1,1
Train,Logistic_Regression,0,1
Train,Logistic_Regression,0,0
Train,Logistic_Regression,1,1
Train,Logistic_Regression,0,0
Train,Logistic_Regression,1,1
Train,Logistic_Regression,0,0
Train,Logistic_Regression,0,0
Train,Logistic_Regression,1,1
Train,Logistic_Regression,1,1
Train,Logistic_Regression,1,1
Train,Logistic_Regression,0,0
Train,Logistic_Regression,0,0
Train,Logistic_Regression,0,0
Train,Logistic_Regression,0,0
Train,Logistic_Regression,1,1
Train,Logistic_Regression,0,1
Train,Logistic_Regression,0,0
Train,Logistic_Regression,1,1
Train,Logistic_Regression,1,1
Train,Logistic_Regression,1,1
Train,Logistic_Regression,0,0
Train,Logistic_Regression,1,0
Train,Logistic_Regression,1,0
Train,Logistic_Regression,0,0
Train,Logistic_Regression,1,0
Train,Logistic_Regression,0,0
Train,Logistic_Regression,0,0
Train,Logistic_Regression,0,0
Train,Logistic_Regression,0,0
Train,Logistic_Regression,0,1
Train,Logistic_Regression,0,0
Train,Logistic_Regression,1,1
Train,Logistic_Regression,1,1
Train,Logistic_Regression,0,1
Train,Logistic_Regression,1,0
Train,Logistic_Regression,0,0
Train,Logistic_Regression,0,0
Train,Logistic_Regression,1,1
Train,Logistic_Regression,1,1
Train,Logistic_Regression,1,1
Train,Logistic_Regression,0,0
Train,Logistic_Regression,0,0
Train,Logistic_Regression,0,0
Train,Logistic_Regression,0,0
Train,Logistic_Regression,0,0
Train,Logistic_Regression,1,1
Train,Logistic_Regression,0,0
Train,Logistic_Regression,1,1
Train,Logistic_Regression,0,0
Train,Logistic_Regression,1,1
Train,Logistic_Regression,1,1
Train,Logistic_Regression,0,0
Train,Logistic_Regression,0,0
Train,Logistic_Regression,0,0
Train,Logistic_Regression,1,1
Train,Logistic_Regression,1,1
Train,Logistic_Regression,0,0
Train,Logistic_Regression,0,0
Train,Logistic_Regression,0,0
Train,Logistic_Regression,0,0
Train,Logistic_Regression,0,0
Train,Logistic_Regression,1,1
Train,Logistic_Regression,1,1
Train,Logistic_Regression,0,0
Train,Logistic_Regression,0,0
Train,Logistic_Regression,0,0
Train,Logistic_Regression,1,1
Train,Logistic_Regression,0,1
Train,Logistic_Regression,0,0
Train,Logistic_Regression,1,1
Train,Logistic_Regression,0,0
Train,Logistic_Regression,1,1
Train,Logistic_Regression,0,1
Train,Logistic_Regression,1,1
Train,Logistic_Regression,0,0
Train,Logistic_Regression,0,0
Train,Logistic_Regression,0,0
Train,Logistic_Regression,0,0
Train,Logistic_Regression,0,1
Train,Logistic_Regression,1,1
Train,Logistic_Regression,0,0
Train,Logistic_Regression,0,0
Train,Logistic_Regression,0,0
Train,Logistic_Regression,0,0
Train,Logistic_Regression,0,0
Train,Logistic_Regression,0,0
Train,Logistic_Regression,0,0
Train,Logistic_Regression,0,0
Train,Logistic_Regression,0,0
Train,Logistic_Regression,1,1
Train,Logistic_Regression,1,1
Train,Logistic_Regression,1,0
Train,Logistic_Regression,1,1
Train,Logistic_Regression,0,0
Train,Logistic_Regression,0,0
Train,Logistic_Regression,0,0
Train,Logistic_Regression,1,1
Train,Logistic_Regression,1,1
Train,Logistic_Regression,0,0
Train,Logistic_Regression,0,0
Train,Logistic_Regression,0,0
Train,Logistic_Regression,1,1
Train,Logistic_Regression,0,0
Train,Logistic_Regression,1,1
Train,Logistic_Regression,0,0
Train,Logistic_Regression,0,0
Train,Logistic_Regression,0,0
Train,Logistic_Regression,0,0
Train,Logistic_Regression,0,0
Train,Logistic_Regression,0,0
Train,Logistic_Regression,0,1
Train,Logistic_Regression,1,1
Train,Logistic_Regression,1,1
Train,Logistic_Regression,1,1
Train,Logistic_Regression,1,1
Train,Logistic_Regression,0,0
Train,Logistic_Regression,1,1
Train,Logistic_Regression,1,1
Train,Logistic_Regression,0,0
Train,Logistic_Regression,0,0
Train,Logistic_Regression,1,1
Train,Logistic_Regression,1,1
Train,Logistic_Regression,1,1
Train,Logistic_Regression,1,1
Train,Logistic_Regression,0,0
Train,Logistic_Regression,0,0
Train,Logistic_Regression,0,0
Train,Logistic_Regression,0,0
Train,Logistic_Regression,0,0
Train,Logistic_Regression,0,0
Train,Logistic_Regression,1,1
Train,Logistic_Regression,1,1
Train,Logistic_Regression,1,1
Train,Logistic_Regression,1,1
Train,Logistic_Regression,0,0
Train,Logistic_Regression,0,0
Train,Logistic_Regression,0,0
Train,Logistic_Regression,1,1
Train,Logistic_Regression,0,0
Train,Logistic_Regression,0,0
Train,Logistic_Regression,0,0
Train,Logistic_Regression,1,1
Train,Logistic_Regression,1,1
Train,Logistic_Regression,0,1
Train,Logistic_Regression,0,0
Train,Logistic_Regression,0,0
Train,Logistic_Regression,1,1
Train,Logistic_Regression,0,0
Train,Logistic_Regression,0,0
Train,Logistic_Regression,0,0
Train,Logistic_Regression,0,0
Train,Logistic_Regression,0,0
Train,Logistic_Regression,0,0
Train,Logistic_Regression,0,0
Train,Logistic_Regression,0,0
Train,Logistic_Regression,1,1
Train,Logistic_Regression,1,0
Train,Logistic_Regression,1,1
Train,Logistic_Regression,1,1
Train,Logistic_Regression,1,1
Train,Logistic_Regression,1,1
Train,Logistic_Regression,0,0
Train,Logistic_Regression,1,1
Train,Logistic_Regression,1,1
Train,Logistic_Regression,1,1
Train,Logistic_Regression,1,1
Train,Logistic_Regression,1,1
Train,Logistic_Regression,0,0
Train,Logistic_Regression,1,1
Train,Logistic_Regression,1,1
Train,Logistic_Regression,0,0
Train,Logistic_Regression,0,1
Train,Logistic_Regression,1,0
Train,Logistic_Regression,1,1
Train,Logistic_Regression,1,1
Train,Logistic_Regression,1,1
Train,Logistic_Regression,1,0
Train,Logistic_Regression,1,1
Train,Logistic_Regression,0,0
Train,Logistic_Regression,1,1
Train,Logistic_Regression,1,1
Train,Logistic_Regression,1,1
Train,Logistic_Regression,1,0
Train,Logistic_Regression,1,1
Train,Logistic_Regression,1,1
Train,Logistic_Regression,1,1
Train,Logistic_Regression,0,1
Train,Logistic_Regression,1,1
Train,Logistic_Regression,1,1
Train,Logistic_Regression,1,1
Train,Logistic_Regression,1,1
Train,Logistic_Regression,1,1
Train,Logistic_Regression,1,1
Train,Logistic_Regression,1,1
Train,Logistic_Regression,1,1
Train,Logistic_Regression,1,1
Train,Logistic_Regression,1,1
Train,Logistic_Regression,1,1
Train,Logistic_Regression,1,0
Train,Logistic_Regression,1,1
Train,Logistic_Regression,1,1
Train,Logistic_Regression,1,1
Train,Logistic_Regression,1,1
Train,Logistic_Regression,1,1
Train,Logistic_Regression,1,1
Train,Logistic_Regression,0,1
Train,Logistic_Regression,1,1
Train,Logistic_Regression,1,1
Train,Logistic_Regression,1,1
Train,Logistic_Regression,1,1
Train,Logistic_Regression,1,1
Train,Logistic_Regression,1,1
Train,Logistic_Regression,1,1
Train,Logistic_Regression,1,0
Train,Logistic_Regression,1,1
Train,Logistic_Regression,1,1
Train,Logistic_Regression,1,1
Train,Logistic_Regression,1,1
Train,Logistic_Regression,1,1
Train,Logistic_Regression,1,0
Train,Logistic_Regression,1,1
Train,Logistic_Regression,1,1
Train,Logistic_Regression,1,1
Train,Logistic_Regression,1,1
Train,Logistic_Regression,1,1
Train,Logistic_Regression,1,1
Train,Logistic_Regression,1,1
Train,Logistic_Regression,1,1
Train,Logistic_Regression,1,1
Train,Logistic_Regression,1,1
Train,Logistic_Regression,1,1
Train,Logistic_Regression,1,1
Train,Logistic_Regression,1,1
Train,Logistic_Regression,1,1
Train,Logistic_Regression,1,1
Train,Logistic_Regression,1,1
Train,Logistic_Regression,1,1
Train,Logistic_Regression,1,1
Train,Logistic_Regression,1,1
Train,Logistic_Regression,1,1
Train,Logistic_Regression,1,1
Train,Logistic_Regression,1,1
Train,Logistic_Regression,1,1
Train,Logistic_Regression,1,1
Train,Logistic_Regression,1,1
Train,Logistic_Regression,0,0
Train,Logistic_Regression,1,1
Train,Logistic_Regression,0,1
Train,Logistic_Regression,0,0
Train,Logistic_Regression,0,1
Train,Logistic_Regression,1,1
Train,Logistic_Regression,1,1
Train,Logistic_Regression,1,1
Train,Logistic_Regression,1,1
Train,Logistic_Regression,1,1
Train,Logistic_Regression,1,1
Train,Logistic_Regression,1,1
Train,Logistic_Regression,0,1
Train,Logistic_Regression,0,1
Train,Logistic_Regression,1,1
Train,Logistic_Regression,1,0
Train,Logistic_Regression,1,1
Train,Logistic_Regression,1,1
Train,Logistic_Regression,1,1
Train,Logistic_Regression,1,1
Train,Logistic_Regression,1,1
Train,Logistic_Regression,1,1
Train,Logistic_Regression,1,1
Train,Logistic_Regression,1,1
Train,Logistic_Regression,1,1
Train,Logistic_Regression,0,1
Train,Logistic_Regression,1,1
Train,Logistic_Regression,1,1
Train,Logistic_Regression,1,1
Train,Logistic_Regression,1,1
Train,Logistic_Regression,1,1
Train,Logistic_Regression,0,0
Train,Logistic_Regression,1,1
Train,Logistic_Regression,0,0
Train,Logistic_Regression,0,0
Train,Logistic_Regression,1,1
Train,Logistic_Regression,1,1
Train,Logistic_Regression,1,1
Train,Logistic_Regression,0,0
Train,Logistic_Regression,0,1
Train,Logistic_Regression,1,1
Train,Logistic_Regression,1,1
Train,Logistic_Regression,1,1
Train,Logistic_Regression,1,1
Train,Logistic_Regression,1,1
Train,Logistic_Regression,1,1
Train,Logistic_Regression,1,1
Train,Logistic_Regression,1,1
Train,Logistic_Regression,1,1
Train,Logistic_Regression,1,1
Train,Logistic_Regression,1,1
Train,Logistic_Regression,0,1
Train,Logistic_Regression,0,0
Train,Logistic_Regression,1,1
Train,Logistic_Regression,1,1
Train,Logistic_Regression,0,0
Train,Logistic_Regression,1,1
Train,Logistic_Regression,0,0
Train,Logistic_Regression,1,1
Train,Logistic_Regression,1,0
Train,Logistic_Regression,0,1
Train,Logistic_Regression,1,1
Train,Logistic_Regression,1,1
Train,Logistic_Regression,1,1
Train,Logistic_Regression,1,1
Train,Logistic_Regression,1,1
Train,Logistic_Regression,0,0
Train,Logistic_Regression,1,1
Train,Logistic_Regression,0,0
Train,Logistic_Regression,1,1
Train,Logistic_Regression,1,1
Train,Logistic_Regression,1,1
Train,Logistic_Regression,1,1
Train,Logistic_Regression,1,1
Train,Logistic_Regression,1,1
Train,Logistic_Regression,1,1
Train,Logistic_Regression,1,1
Train,Logistic_Regression,0,0
Train,Logistic_Regression,1,1
Train,Logistic_Regression,1,1
Train,Logistic_Regression,1,1
Train,Logistic_Regression,1,1
Train,Logistic_Regression,1,1
Train,Logistic_Regression,1,1
Train,Logistic_Regression,0,0
Train,Logistic_Regression,0,1
Train,Logistic_Regression,1,1
Train,Logistic_Regression,1,1
Train,Logistic_Regression,0,0
Train,Logistic_Regression,0,1
Train,Logistic_Regression,1,1
Train,Logistic_Regression,1,1
Train,Logistic_Regression,1,1
Train,Logistic_Regression,0,1
Train,Logistic_Regression,1,1
Train,Logistic_Regression,1,1
Train,Logistic_Regression,1,1
Train,Logistic_Regression,1,1
Train,Logistic_Regression,1,1
Train,Logistic_Regression,1,1
Train,Logistic_Regression,1,1
Train,Logistic_Regression,1,1
Train,Logistic_Regression,1,1
Train,Logistic_Regression,0,0
Train,Logistic_Regression,1,1
Train,Logistic_Regression,1,1
Train,Logistic_Regression,1,1
Train,Logistic_Regression,0,0
Train,Logistic_Regression,1,1
Train,Logistic_Regression,1,1
Train,Logistic_Regression,1,1
Train,Logistic_Regression,1,1
Train,Logistic_Regression,1,1
Train,Logistic_Regression,0,0
Train,Logistic_Regression,1,1
Train,Logistic_Regression,0,1
Train,Logistic_Regression,1,1
Train,Logistic_Regression,1,1
Train,Logistic_Regression,1,1
Train,Logistic_Regression,0,0
Train,Logistic_Regression,0,0
Train,Logistic_Regression,1,1
Train,Logistic_Regression,1,1
Train,Logistic_Regression,1,1
Train,Logistic_Regression,1,1
Train,Logistic_Regression,0,0
Train,Logistic_Regression,1,1
Train,Logistic_Regression,0,1
Train,Logistic_Regression,1,1
Train,Logistic_Regression,1,1
Train,Logistic_Regression,0,0
Train,Logistic_Regression,1,0
Train,Logistic_Regression,0,1
Train,Logistic_Regression,0,0
Train,Logistic_Regression,1,1
Train,Logistic_Regression,0,1
Train,Logistic_Regression,1,1
Train,Logistic_Regression,0,1
Train,Logistic_Regression,1,1
Train,Logistic_Regression,1,1
Train,Logistic_Regression,0,0
Train,Logistic_Regression,0,0
Train,Logistic_Regression,0,1
Train,Logistic_Regression,0,0
Train,Logistic_Regression,0,0
Train,Logistic_Regression,0,1
Train,Logistic_Regression,0,0
Train,Logistic_Regression,1,1
Train,Logistic_Regression,0,1
Train,Logistic_Regression,0,0
Train,Logistic_Regression,1,1
Train,Logistic_Regression,1,1
Train,Logistic_Regression,1,1
Train,Logistic_Regression,1,1
Train,Logistic_Regression,1,0
Train,Logistic_Regression,0,0
Train,Logistic_Regression,0,0
Train,Logistic_Regression,0,0
Train,Logistic_Regression,0,0
Train,Logistic_Regression,0,0
Train,Logistic_Regression,1,1
Train,Logistic_Regression,0,0
Train,Logistic_Regression,1,0
Train,Logistic_Regression,1,0
Train,Logistic_Regression,1,1
Train,Logistic_Regression,1,1
Train,Logistic_Regression,0,0
Train,Logistic_Regression,0,0
Train,Logistic_Regression,0,0
Train,Logistic_Regression,0,0
Train,Logistic_Regression,1,1
Train,Logistic_Regression,0,0
Train,Logistic_Regression,0,0
Train,Logistic_Regression,1,1
Train,Logistic_Regression,0,0
Train,Logistic_Regression,0,1
Train,Logistic_Regression,1,1
Train,Logistic_Regression,1,0
Train,Logistic_Regression,1,1
Train,Logistic_Regression,0,0
Train,Logistic_Regression,0,0
Train,Logistic_Regression,0,0
Train,Logistic_Regression,1,1
Train,Logistic_Regression,0,0
Train,Logistic_Regression,0,0
Train,Logistic_Regression,0,0
Train,Logistic_Regression,1,1
Train,Logistic_Regression,1,1
Train,Logistic_Regression,0,1
Train,Logistic_Regression,0,0
Train,Logistic_Regression,0,0
Train,Logistic_Regression,1,1
Train,Logistic_Regression,0,0
Train,Logistic_Regression,1,1
Train,Logistic_Regression,1,0
Train,Logistic_Regression,1,1
Train,Logistic_Regression,0,1
Train,Logistic_Regression,0,0
Train,Logistic_Regression,1,1
Train,Logistic_Regression,0,0
Train,Logistic_Regression,1,1
Train,Logistic_Regression,1,1
Train,Logistic_Regression,1,1
Train,Logistic_Regression,0,1
Train,Logistic_Regression,1,1
Train,Logistic_Regression,0,0
Train,Logistic_Regression,1,1
Train,Logistic_Regression,0,0
Train,Logistic_Regression,1,0
Train,Logistic_Regression,0,0
Train,Logistic_Regression,1,0
Train,Logistic_Regression,1,1
Train,Logistic_Regression,1,1
Train,Logistic_Regression,1,1
Train,Logistic_Regression,0,0
Train,Logistic_Regression,0,0
Train,Logistic_Regression,1,1
Train,Logistic_Regression,1,1
Train,Logistic_Regression,0,0
Train,Logistic_Regression,1,1
Train,Logistic_Regression,0,0
Train,Logistic_Regression,0,0
Train,Logistic_Regression,0,0
Train,Logistic_Regression,1,1
Train,Logistic_Regression,0,0
Train,Logistic_Regression,0,0
Train,Logistic_Regression,1,1
Train,Logistic_Regression,1,0
Train,Logistic_Regression,0,0
Train,Logistic_Regression,1,1
Train,Logistic_Regression,1,0
Train,Logistic_Regression,0,0
Train,Logistic_Regression,0,0
Train,Logistic_Regression,0,0
Train,Logistic_Regression,0,1
Train,Logistic_Regression,0,0
Train,Logistic_Regression,1,1
Train,Logistic_Regression,0,0
Train,Logistic_Regression,0,1
Train,Logistic_Regression,1,1
Train,Logistic_Regression,0,0
Train,Logistic_Regression,1,1
Train,Logistic_Regression,0,0
Train,Logistic_Regression,0,1
Train,Logistic_Regression,0,1
Train,Logistic_Regression,1,1
Train,Logistic_Regression,0,1
Train,Logistic_Regression,1,1
Train,Logistic_Regression,0,0
Train,Logistic_Regression,1,1
Train,Logistic_Regression,1,1
Train,Logistic_Regression,1,1
Train,Logistic_Regression,0,0
Train,Logistic_Regression,1,1
Train,Logistic_Regression,0,0
Train,Logistic_Regression,0,0
Train,Logistic_Regression,1,1
Train,Logistic_Regression,0,1
Train,Logistic_Regression,0,0
Train,Logistic_Regression,0,0
Train,Logistic_Regression,0,1
Train,Logistic_Regression,0,0
Train,Logistic_Regression,1,1
Train,Logistic_Regression,0,0
Train,Logistic_Regression,1,1
Train,Logistic_Regression,1,1
Train,Logistic_Regression,0,1
Train,Logistic_Regression,0,0
Train,Logistic_Regression,0,1
Train,Logistic_Regression,1,1
Train,Logistic_Regression,0,0
Train,Logistic_Regression,0,0
Train,Logistic_Regression,1,1
Train,Logistic_Regression,0,0
Train,Logistic_Regression,0,0
Train,Logistic_Regression,0,0
Train,Logistic_Regression,0,0
Train,Logistic_Regression,0,1
Train,Logistic_Regression,1,1
Train,Logistic_Regression,1,1
Train,Logistic_Regression,0,0
Train,Logistic_Regression,0,0
Train,Logistic_Regression,1,0
Train,Logistic_Regression,1,1
Train,Logistic_Regression,0,0
Train,Logistic_Regression,0,1
Train,Logistic_Regression,1,1
Train,Logistic_Regression,1,1
Train,Logistic_Regression,0,0
Train,Logistic_Regression,0,1
Train,Logistic_Regression,1,0
Train,Logistic_Regression,0,0
Train,Logistic_Regression,1,1
Train,Logistic_Regression,0,0
Train,Logistic_Regression,1,1
Train,Logistic_Regression,0,0
Train,Logistic_Regression,1,1
Train,Logistic_Regression,0,0
Train,Logistic_Regression,1,1
Train,Logistic_Regression,0,0
Train,Logistic_Regression,1,1
Train,Logistic_Regression,1,1
Train,Logistic_Regression,1,1
Train,Logistic_Regression,1,0
Train,Logistic_Regression,0,0
Train,Logistic_Regression,0,0
Train,Logistic_Regression,0,0
Train,Logistic_Regression,0,1
Train,Logistic_Regression,1,0
Train,Logistic_Regression,1,1
Train,Logistic_Regression,1,1
Train,Logistic_Regression,0,0
Train,Logistic_Regression,1,0
Train,Logistic_Regression,0,0
Train,Logistic_Regression,0,0
Train,Logistic_Regression,0,0
Train,Logistic_Regression,1,1
Train,Logistic_Regression,0,0
Train,Logistic_Regression,1,1
Train,Logistic_Regression,1,1
Train,Logistic_Regression,1,0
Train,Logistic_Regression,0,0
Train,Logistic_Regression,1,0
Train,Logistic_Regression,0,1
Train,Logistic_Regression,1,1
Train,Logistic_Regression,0,0
Train,Logistic_Regression,0,0
Train,Logistic_Regression,1,0
Train,Logistic_Regression,1,1
Train,Logistic_Regression,0,0
Train,Logistic_Regression,0,0
Train,Logistic_Regression,1,1
Train,Logistic_Regression,0,0
Train,Logistic_Regression,1,1
Train,Logistic_Regression,1,1
Train,Logistic_Regression,0,0
Train,Logistic_Regression,1,1
Train,Logistic_Regression,1,1
Train,Logistic_Regression,1,0
Train,Logistic_Regression,0,0
Validation,Logistic_Regression,0,0
Validation,Logistic_Regression,0,0
Validation,Logistic_Regression,1,1
Validation,Logistic_Regression,1,1
Validation,Logistic_Regression,1,1
Validation,Logistic_Regression,0,0
Validation,Logistic_Regression,0,0
Validation,Logistic_Regression,0,0
Validation,Logistic_Regression,0,0
Validation,Logistic_Regression,0,0
Validation,Logistic_Regression,0,0
Validation,Logistic_Regression,0,0
Validation,Logistic_Regression,0,0
Validation,Logistic_Regression,1,1
Validation,Logistic_Regression,0,0
Validation,Logistic_Regression,0,0
Validation,Logistic_Regression,1,1
Validation,Logistic_Regression,1,1
Validation,Logistic_Regression,0,0
Validation,Logistic_Regression,0,0
Validation,Logistic_Regression,0,0
Validation,Logistic_Regression,1,1
Validation,Logistic_Regression,0,0
Validation,Logistic_Regression,0,0
Validation,Logistic_Regression,0,0
Validation,Logistic_Regression,1,1
Validation,Logistic_Regression,0,0
Validation,Logistic_Regression,1,1
Validation,Logistic_Regression,1,1
Validation,Logistic_Regression,0,0
Validation,Logistic_Regression,1,0
Validation,Logistic_Regression,0,0
Validation,Logistic_Regression,0,0
Validation,Logistic_Regression,1,1
Validation,Logistic_Regression,1,1
Validation,Logistic_Regression,0,1
Validation,Logistic_Regression,0,0
Validation,Logistic_Regression,0,0
Validation,Logistic_Regression,0,0
Validation,Logistic_Regression,0,0
Validation,Logistic_Regression,0,0
Validation,Logistic_Regression,1,1
Validation,Logistic_Regression,1,1
Validation,Logistic_Regression,1,1
Validation,Logistic_Regression,1,0
Validation,Logistic_Regression,1,1
Validation,Logistic_Regression,1,1
Validation,Logistic_Regression,0,0
Validation,Logistic_Regression,1,0
Validation,Logistic_Regression,1,1
Validation,Logistic_Regression,1,1
Validation,Logistic_Regression,1,1
Validation,Logistic_Regression,1,1
Validation,Logistic_Regression,1,1
Validation,Logistic_Regression,1,1
Validation,Logistic_Regression,1,0
Validation,Logistic_Regression,1,1
Validation,Logistic_Regression,1,1
Validation,Logistic_Regression,1,1
Validation,Logistic_Regression,1,1
Validation,Logistic_Regression,1,1
Validation,Logistic_Regression,0,1
Validation,Logistic_Regression,1,1
Validation,Logistic_Regression,1,1
Validation,Logistic_Regression,1,1
Validation,Logistic_Regression,1,1
Validation,Logistic_Regression,1,1
Validation,Logistic_Regression,1,1
Validation,Logistic_Regression,1,1
Validation,Logistic_Regression,1,1
Validation,Logistic_Regression,1,1
Validation,Logistic_Regression,0,0
Validation,Logistic_Regression,1,1
Validation,Logistic_Regression,1,1
Validation,Logistic_Regression,1,1
Validation,Logistic_Regression,1,1
Validation,Logistic_Regression,1,1
Validation,Logistic_Regression,1,1
Validation,Logistic_Regression,0,1
Validation,Logistic_Regression,1,1
Validation,Logistic_Regression,1,1
Validation,Logistic_Regression,1,1
Validation,Logistic_Regression,0,0
Validation,Logistic_Regression,0,0
Validation,Logistic_Regression,1,1
Validation,Logistic_Regression,1,1
Validation,Logistic_Regression,1,1
Validation,Logistic_Regression,1,1
Validation,Logistic_Regression,1,1
Validation,Logistic_Regression,1,1
Validation,Logistic_Regression,1,1
Validation,Logistic_Regression,0,0
Validation,Logistic_Regression,1,1
Validation,Logistic_Regression,0,1
Validation,Logistic_Regression,0,1
Validation,Logistic_Regression,0,0
Validation,Logistic_Regression,1,1
Validation,Logistic_Regression,1,1
Validation,Logistic_Regression,1,1
Validation,Logistic_Regression,1,1
Validation,Logistic_Regression,0,0
Validation,Logistic_Regression,0,0
Validation,Logistic_Regression,1,0
Validation,Logistic_Regression,0,1
Validation,Logistic_Regression,0,0
Validation,Logistic_Regression,1,0
Validation,Logistic_Regression,1,0
Validation,Logistic_Regression,0,0
Validation,Logistic_Regression,0,0
Validation,Logistic_Regression,1,1
Validation,Logistic_Regression,0,0
Validation,Logistic_Regression,0,0
Validation,Logistic_Regression,1,1
Validation,Logistic_Regression,1,1
Validation,Logistic_Regression,0,0
Validation,Logistic_Regression,1,0
Validation,Logistic_Regression,1,0
Validation,Logistic_Regression,1,1
Validation,Logistic_Regression,1,1
Validation,Logistic_Regression,0,0
Validation,Logistic_Regression,1,1
Validation,Logistic_Regression,1,1
Validation,Logistic_Regression,0,1
Validation,Logistic_Regression,0,1
Validation,Logistic_Regression,0,0
Validation,Logistic_Regression,1,1
Validation,Logistic_Regression,0,1
Validation,Logistic_Regression,0,0
Validation,Logistic_Regression,1,1
Validation,Logistic_Regression,0,0
Validation,Logistic_Regression,1,0
Validation,Logistic_Regression,1,0
Validation,Logistic_Regression,1,1
Validation,Logistic_Regression,0,1
Validation,Logistic_Regression,0,0
Validation,Logistic_Regression,0,1
Validation,Logistic_Regression,1,1
Validation,Logistic_Regression,1,1
Test,Logistic_Regression,0,0
Test,Logistic_Regression,1,1
Test,Logistic_Regression,0,0
Test,Logistic_Regression,0,1
Test,Logistic_Regression,0,0
Test,Logistic_Regression,1,0
Test,Logistic_Regression,1,1
Test,Logistic_Regression,1,1
Test,Logistic_Regression,0,0
Test,Logistic_Regression,0,0
Test,Logistic_Regression,1,1
Test,Logistic_Regression,1,1
Test,Logistic_Regression,0,0
Test,Logistic_Regression,0,0
Test,Logistic_Regression,0,0
Test,Logistic_Regression,1,1
Test,Logistic_Regression,0,0
Test,Logistic_Regression,0,0
Test,Logistic_Regression,0,0
Test,Logistic_Regression,0,0
Test,Logistic_Regression,0,0
Test,Logistic_Regression,1,1
Test,Logistic_Regression,1,1
Test,Logistic_Regression,1,0
Test,Logistic_Regression,0,0
Test,Logistic_Regression,1,1
Test,Logistic_Regression,0,0
Test,Logistic_Regression,0,0
Test,Logistic_Regression,0,0
Test,Logistic_Regression,0,0
Test,Logistic_Regression,0,0
Test,Logistic_Regression,0,0
Test,Logistic_Regression,0,0
Test,Logistic_Regression,1,1
Test,Logistic_Regression,1,1
Test,Logistic_Regression,1,1
Test,Logistic_Regression,1,1
Test,Logistic_Regression,0,0
Test,Logistic_Regression,0,0
Test,Logistic_Regression,1,1
Test,Logistic_Regression,1,1
Test,Logistic_Regression,1,1
Test,Logistic_Regression,1,1
Test,Logistic_Regression,1,1
Test,Logistic_Regression,1,1
Test,Logistic_Regression,1,1
Test,Logistic_Regression,1,1
Test,Logistic_Regression,1,1
Test,Logistic_Regression,1,1
Test,Logistic_Regression,1,1
Test,Logistic_Regression,1,1
Test,Logistic_Regression,1,1
Test,Logistic_Regression,1,1
Test,Logistic_Regression,1,1
Test,Logistic_Regression,1,1
Test,Logistic_Regression,1,0
Test,Logistic_Regression,0,0
Test,Logistic_Regression,0,0
Test,Logistic_Regression,1,1
Test,Logistic_Regression,0,1
Test,Logistic_Regression,0,0
Test,Logistic_Regression,1,1
Test,Logistic_Regression,1,1
Test,Logistic_Regression,0,1
Test,Logistic_Regression,1,1
Test,Logistic_Regression,1,1
Test,Logistic_Regression,1,1
Test,Logistic_Regression,1,1
Test,Logistic_Regression,1,1
Test,Logistic_Regression,0,0
Test,Logistic_Regression,1,1
Test,Logistic_Regression,0,1
Test,Logistic_Regression,1,1
Test,Logistic_Regression,1,1
Test,Logistic_Regression,1,1
Test,Logistic_Regression,1,1
Test,Logistic_Regression,0,0
Test,Logistic_Regression,1,1
Test,Logistic_Regression,1,1
Test,Logistic_Regression,1,1
Test,Logistic_Regression,1,1
Test,Logistic_Regression,0,0
Test,Logistic_Regression,0,0
Test,Logistic_Regression,1,1
Test,Logistic_Regression,0,0
Test,Logistic_Regression,1,1
Test,Logistic_Regression,1,1
Test,Logistic_Regression,0,0
Test,Logistic_Regression,0,0
Test,Logistic_Regression,1,1
Test,Logistic_Regression,1,1
Test,Logistic_Regression,1,1
Test,Logistic_Regression,1,1
Test,Logistic_Regression,1,1
Test,Logistic_Regression,0,0
Test,Logistic_Regression,0,0
Test,Logistic_Regression,1,1
Test,Logistic_Regression,0,0
Test,Logistic_Regression,1,0
Test,Logistic_Regression,0,0
Test,Logistic_Regression,0,0
Test,Logistic_Regression,0,0
Test,Logistic_Regression,1,1
Test,Logistic_Regression,0,1
Test,Logistic_Regression,0,0
Test,Logistic_Regression,1,1
Test,Logistic_Regression,0,0
Test,Logistic_Regression,1,0
Test,Logistic_Regression,0,0
Test,Logistic_Regression,0,0
Test,Logistic_Regression,1,1
Test,Logistic_Regression,0,0
Test,Logistic_Regression,1,1
Test,Logistic_Regression,0,0
Test,Logistic_Regression,0,0
Test,Logistic_Regression,0,0
Test,Logistic_Regression,0,0
Test,Logistic_Regression,0,0
Test,Logistic_Regression,1,0
Test,Logistic_Regression,1,1
Test,Logistic_Regression,1,1
Test,Logistic_Regression,1,0
Test,Logistic_Regression,0,0
Test,Logistic_Regression,0,0
Test,Logistic_Regression,1,0
Test,Logistic_Regression,1,1
Test,Logistic_Regression,0,0
Test,Logistic_Regression,0,1
Test,Logistic_Regression,0,0
Test,Logistic_Regression,0,0
Test,Logistic_Regression,0,0
Test,Logistic_Regression,0,0
Test,Logistic_Regression,1,1
Test,Logistic_Regression,1,1
Test,Logistic_Regression,0,0
Test,Logistic_Regression,1,1
Test,Logistic_Regression,1,1
Train,Random_Forest,1,1
Train,Random_Forest,0,0
Train,Random_Forest,0,0
Train,Random_Forest,0,0
Train,Random_Forest,0,0
Train,Random_Forest,0,0
Train,Random_Forest,0,0
Train,Random_Forest,1,1
Train,Random_Forest,0,0
Train,Random_Forest,1,1
Train,Random_Forest,1,1
Train,Random_Forest,0,0
Train,Random_Forest,0,0
Train,Random_Forest,1,1
Train,Random_Forest,0,0
Train,Random_Forest,0,0
Train,Random_Forest,0,0
Train,Random_Forest,1,1
Train,Random_Forest,1,1
Train,Random_Forest,1,1
Train,Random_Forest,0,0
Train,Random_Forest,1,1
Train,Random_Forest,0,0
Train,Random_Forest,0,0
Train,Random_Forest,0,0
Train,Random_Forest,0,0
Train,Random_Forest,1,1
Train,Random_Forest,0,0
Train,Random_Forest,0,0
Train,Random_Forest,0,0
Train,Random_Forest,1,1
Train,Random_Forest,1,1
Train,Random_Forest,0,0
Train,Random_Forest,0,0
Train,Random_Forest,0,0
Train,Random_Forest,0,0
Train,Random_Forest,1,1
Train,Random_Forest,0,0
Train,Random_Forest,0,0
Train,Random_Forest,1,1
Train,Random_Forest,0,0
Train,Random_Forest,0,0
Train,Random_Forest,0,0
Train,Random_Forest,1,1
Train,Random_Forest,1,1
Train,Random_Forest,0,0
Train,Random_Forest,0,0
Train,Random_Forest,0,0
Train,Random_Forest,0,0
Train,Random_Forest,0,0
Train,Random_Forest,1,1
Train,Random_Forest,0,0
Train,Random_Forest,1,1
Train,Random_Forest,0,0
Train,Random_Forest,1,1
Train,Random_Forest,1,1
Train,Random_Forest,0,0
Train,Random_Forest,1,1
Train,Random_Forest,0,1
Train,Random_Forest,0,0
Train,Random_Forest,1,1
Train,Random_Forest,0,0
Train,Random_Forest,1,1
Train,Random_Forest,0,0
Train,Random_Forest,0,0
Train,Random_Forest,1,1
Train,Random_Forest,1,1
Train,Random_Forest,1,1
Train,Random_Forest,0,0
Train,Random_Forest,0,0
Train,Random_Forest,0,0
Train,Random_Forest,0,0
Train,Random_Forest,1,1
Train,Random_Forest,0,0
Train,Random_Forest,0,0
Train,Random_Forest,1,1
Train,Random_Forest,1,1
Train,Random_Forest,1,1
Train,Random_Forest,0,0
Train,Random_Forest,1,1
Train,Random_Forest,1,1
Train,Random_Forest,0,0
Train,Random_Forest,1,1
Train,Random_Forest,0,0
Train,Random_Forest,0,0
Train,Random_Forest,0,0
Train,Random_Forest,0,0
Train,Random_Forest,0,0
Train,Random_Forest,0,0
Train,Random_Forest,1,1
Train,Random_Forest,1,1
Train,Random_Forest,0,0
Train,Random_Forest,1,1
Train,Random_Forest,0,0
Train,Random_Forest,0,0
Train,Random_Forest,1,1
Train,Random_Forest,1,1
Train,Random_Forest,1,1
Train,Random_Forest,0,0
Train,Random_Forest,0,0
Train,Random_Forest,0,0
Train,Random_Forest,0,0
Train,Random_Forest,0,0
Train,Random_Forest,1,1
Train,Random_Forest,0,0
Train,Random_Forest,1,1
Train,Random_Forest,0,0
Train,Random_Forest,1,1
Train,Random_Forest,1,1
Train,Random_Forest,0,0
Train,Random_Forest,0,0
Train,Random_Forest,0,0
Train,Random_Forest,1,1
Train,Random_Forest,1,1
Train,Random_Forest,0,0
Train,Random_Forest,0,0
Train,Random_Forest,0,0
Train,Random_Forest,0,0
Train,Random_Forest,0,0
Train,Random_Forest,1,1
Train,Random_Forest,1,1
Train,Random_Forest,0,0
Train,Random_Forest,0,0
Train,Random_Forest,0,0
Train,Random_Forest,1,1
Train,Random_Forest,0,0
Train,Random_Forest,0,0
Train,Random_Forest,1,1
Train,Random_Forest,0,0
Train,Random_Forest,1,1
Train,Random_Forest,0,0
Train,Random_Forest,1,1
Train,Random_Forest,0,0
Train,Random_Forest,0,0
Train,Random_Forest,0,0
Train,Random_Forest,0,0
Train,Random_Forest,0,0
Train,Random_Forest,1,1
Train,Random_Forest,0,0
Train,Random_Forest,0,0
Train,Random_Forest,0,0
Train,Random_Forest,0,0
Train,Random_Forest,0,0
Train,Random_Forest,0,0
Train,Random_Forest,0,0
Train,Random_Forest,0,0
Train,Random_Forest,0,0
Train,Random_Forest,1,1
Train,Random_Forest,1,1
Train,Random_Forest,1,1
Train,Random_Forest,1,1
Train,Random_Forest,0,0
Train,Random_Forest,0,0
Train,Random_Forest,0,0
Train,Random_Forest,1,1
Train,Random_Forest,1,1
Train,Random_Forest,0,0
Train,Random_Forest,0,0
Train,Random_Forest,0,0
Train,Random_Forest,1,1
Train,Random_Forest,0,0
Train,Random_Forest,1,1
Train,Random_Forest,0,0
Train,Random_Forest,0,0
Train,Random_Forest,0,0
Train,Random_Forest,0,0
Train,Random_Forest,0,0
Train,Random_Forest,0,0
Train,Random_Forest,0,0
Train,Random_Forest,1,1
Train,Random_Forest,1,1
Train,Random_Forest,1,1
Train,Random_Forest,1,1
Train,Random_Forest,0,0
Train,Random_Forest,1,1
Train,Random_Forest,1,1
Train,Random_Forest,0,0
Train,Random_Forest,0,0
Train,Random_Forest,1,1
Train,Random_Forest,1,1
Train,Random_Forest,1,1
Train,Random_Forest,1,1
Train,Random_Forest,0,0
Train,Random_Forest,0,0
Train,Random_Forest,0,0
Train,Random_Forest,0,0
Train,Random_Forest,0,0
Train,Random_Forest,0,0
Train,Random_Forest,1,1
Train,Random_Forest,1,1
Train,Random_Forest,1,1
Train,Random_Forest,1,1
Train,Random_Forest,0,0
Train,Random_Forest,0,0
Train,Random_Forest,0,0
Train,Random_Forest,1,1
Train,Random_Forest,0,0
Train,Random_Forest,0,0
Train,Random_Forest,0,0
Train,Random_Forest,1,1
Train,Random_Forest,1,1
Train,Random_Forest,0,0
Train,Random_Forest,0,0
Train,Random_Forest,0,0
Train,Random_Forest,1,1
Train,Random_Forest,0,0
Train,Random_Forest,0,0
Train,Random_Forest,0,0
Train,Random_Forest,0,0
Train,Random_Forest,0,0
Train,Random_Forest,0,0
Train,Random_Forest,0,0
Train,Random_Forest,0,0
Train,Random_Forest,1,1
Train,Random_Forest,1,1
Train,Random_Forest,1,1
Train,Random_Forest,1,1
Train,Random_Forest,1,1
Train,Random_Forest,1,1
Train,Random_Forest,0,0
Train,Random_Forest,1,1
Train,Random_Forest,1,1
Train,Random_Forest,1,1
Train,Random_Forest,1,1
Train,Random_Forest,1,1
Train,Random_Forest,0,0
Train,Random_Forest,1,1
Train,Random_Forest,1,1
Train,Random_Forest,0,0
Train,Random_Forest,0,0
Train,Random_Forest,1,1
Train,Random_Forest,1,1
Train,Random_Forest,1,1
Train,Random_Forest,1,1
Train,Random_Forest,1,1
Train,Random_Forest,1,1
Train,Random_Forest,0,0
Train,Random_Forest,1,1
Train,Random_Forest,1,1
Train,Random_Forest,1,1
Train,Random_Forest,1,1
Train,Random_Forest,1,1
Train,Random_Forest,1,1
Train,Random_Forest,1,1
Train,Random_Forest,0,0
Train,Random_Forest,1,1
Train,Random_Forest,1,1
Train,Random_Forest,1,1
Train,Random_Forest,1,1
Train,Random_Forest,1,1
Train,Random_Forest,1,1
Train,Random_Forest,1,1
Train,Random_Forest,1,1
Train,Random_Forest,1,1
Train,Random_Forest,1,1
Train,Random_Forest,1,1
Train,Random_Forest,1,1
Train,Random_Forest,1,1
Train,Random_Forest,1,1
Train,Random_Forest,1,1
Train,Random_Forest,1,1
Train,Random_Forest,1,1
Train,Random_Forest,1,1
Train,Random_Forest,0,1
Train,Random_Forest,1,1
Train,Random_Forest,1,1
Train,Random_Forest,1,1
Train,Random_Forest,1,1
Train,Random_Forest,1,1
Train,Random_Forest,1,1
Train,Random_Forest,1,1
Train,Random_Forest,1,1
Train,Random_Forest,1,1
Train,Random_Forest,1,1
Train,Random_Forest,1,1
Train,Random_Forest,1,1
Train,Random_Forest,1,1
Train,Random_Forest,1,1
Train,Random_Forest,1,1
Train,Random_Forest,1,1
Train,Random_Forest,1,1
Train,Random_Forest,1,1
Train,Random_Forest,1,1
Train,Random_Forest,1,1
Train,Random_Forest,1,1
Train,Random_Forest,1,1
Train,Random_Forest,1,1
Train,Random_Forest,1,1
Train,Random_Forest,1,1
Train,Random_Forest,1,1
Train,Random_Forest,1,1
Train,Random_Forest,1,1
Train,Random_Forest,1,1
Train,Random_Forest,1,1
Train,Random_Forest,1,1
Train,Random_Forest,1,1
Train,Random_Forest,1,1
Train,Random_Forest,1,1
Train,Random_Forest,1,1
Train,Random_Forest,1,1
Train,Random_Forest,1,1
Train,Random_Forest,1,1
Train,Random_Forest,1,1
Train,Random_Forest,0,0
Train,Random_Forest,1,1
Train,Random_Forest,0,0
Train,Random_Forest,0,0
Train,Random_Forest,0,0
Train,Random_Forest,1,1
Train,Random_Forest,1,1
Train,Random_Forest,1,1
Train,Random_Forest,1,1
Train,Random_Forest,1,1
Train,Random_Forest,1,1
Train,Random_Forest,1,1
Train,Random_Forest,0,0
Train,Random_Forest,0,0
Train,Random_Forest,1,1
Train,Random_Forest,1,1
Train,Random_Forest,1,1
Train,Random_Forest,1,1
Train,Random_Forest,1,1
Train,Random_Forest,1,1
Train,Random_Forest,1,1
Train,Random_Forest,1,1
Train,Random_Forest,1,1
Train,Random_Forest,1,1
Train,Random_Forest,1,1
Train,Random_Forest,0,0
Train,Random_Forest,1,1
Train,Random_Forest,1,1
Train,Random_Forest,1,1
Train,Random_Forest,1,1
Train,Random_Forest,1,1
Train,Random_Forest,0,0
Train,Random_Forest,1,1
Train,Random_Forest,0,0
Train,Random_Forest,0,0
Train,Random_Forest,1,1
Train,Random_Forest,1,1
Train,Random_Forest,1,1
Train,Random_Forest,0,0
Train,Random_Forest,0,0
Train,Random_Forest,1,1
Train,Random_Forest,1,1
Train,Random_Forest,1,1
Train,Random_Forest,1,1
Train,Random_Forest,1,1
Train,Random_Forest,1,1
Train,Random_Forest,1,1
Train,Random_Forest,1,1
Train,Random_Forest,1,1
Train,Random_Forest,1,1
Train,Random_Forest,1,1
Train,Random_Forest,0,0
Train,Random_Forest,0,0
Train,Random_Forest,1,1
Train,Random_Forest,1,1
Train,Random_Forest,0,0
Train,Random_Forest,1,1
Train,Random_Forest,0,0
Train,Random_Forest,1,1
Train,Random_Forest,1,1
Train,Random_Forest,0,0
Train,Random_Forest,1,1
Train,Random_Forest,1,1
Train,Random_Forest,1,1
Train,Random_Forest,1,1
Train,Random_Forest,1,1
Train,Random_Forest,0,0
Train,Random_Forest,1,1
Train,Random_Forest,0,0
Train,Random_Forest,1,1
Train,Random_Forest,1,1
Train,Random_Forest,1,1
Train,Random_Forest,1,1
Train,Random_Forest,1,1
Train,Random_Forest,1,1
Train,Random_Forest,1,1
Train,Random_Forest,1,1
Train,Random_Forest,0,0
Train,Random_Forest,1,1
Train,Random_Forest,1,1
Train,Random_Forest,1,1
Train,Random_Forest,1,1
Train,Random_Forest,1,1
Train,Random_Forest,1,1
Train,Random_Forest,0,0
Train,Random_Forest,0,0
Train,Random_Forest,1,1
Train,Random_Forest,1,1
Train,Random_Forest,0,0
Train,Random_Forest,0,0
Train,Random_Forest,1,1
Train,Random_Forest,1,1
Train,Random_Forest,1,1
Train,Random_Forest,0,0
Train,Random_Forest,1,1
Train,Random_Forest,1,1
Train,Random_Forest,1,1
Train,Random_Forest,1,1
Train,Random_Forest,1,1
Train,Random_Forest,1,1
Train,Random_Forest,1,1
Train,Random_Forest,1,1
Train,Random_Forest,1,1
Train,Random_Forest,0,0
Train,Random_Forest,1,1
Train,Random_Forest,1,1
Train,Random_Forest,1,1
Train,Random_Forest,0,0
Train,Random_Forest,1,1
Train,Random_Forest,1,1
Train,Random_Forest,1,1
Train,Random_Forest,1,1
Train,Random_Forest,1,1
Train,Random_Forest,0,0
Train,Random_Forest,1,1
Train,Random_Forest,0,1
Train,Random_Forest,1,1
Train,Random_Forest,1,1
Train,Random_Forest,1,1
Train,Random_Forest,0,0
Train,Random_Forest,0,0
Train,Random_Forest,1,1
Train,Random_Forest,1,1
Train,Random_Forest,1,1
Train,Random_Forest,1,1
Train,Random_Forest,0,0
Train,Random_Forest,1,1
Train,Random_Forest,0,0
Train,Random_Forest,1,1
Train,Random_Forest,1,1
Train,Random_Forest,0,0
Train,Random_Forest,1,1
Train,Random_Forest,0,0
Train,Random_Forest,0,0
Train,Random_Forest,1,1
Train,Random_Forest,0,0
Train,Random_Forest,1,1
Train,Random_Forest,0,0
Train,Random_Forest,1,1
Train,Random_Forest,1,1
Train,Random_Forest,0,0
Train,Random_Forest,0,0
Train,Random_Forest,0,0
Train,Random_Forest,0,0
Train,Random_Forest,0,0
Train,Random_Forest,0,0
Train,Random_Forest,0,0
Train,Random_Forest,1,1
Train,Random_Forest,0,0
Train,Random_Forest,0,0
Train,Random_Forest,1,1
Train,Random_Forest,1,1
Train,Random_Forest,1,1
Train,Random_Forest,1,1
Train,Random_Forest,1,1
Train,Random_Forest,0,0
Train,Random_Forest,0,0
Train,Random_Forest,0,0
Train,Random_Forest,0,0
Train,Random_Forest,0,0
Train,Random_Forest,1,1
Train,Random_Forest,0,0
Train,Random_Forest,1,1
Train,Random_Forest,1,1
Train,Random_Forest,1,1
Train,Random_Forest,1,1
Train,Random_Forest,0,0
Train,Random_Forest,0,0
Train,Random_Forest,0,0
Train,Random_Forest,0,0
Train,Random_Forest,1,1
Train,Random_Forest,0,0
Train,Random_Forest,0,0
Train,Random_Forest,1,1
Train,Random_Forest,0,0
Train,Random_Forest,0,0
Train,Random_Forest,1,1
Train,Random_Forest,1,1
Train,Random_Forest,1,1
Train,Random_Forest,0,0
Train,Random_Forest,0,0
Train,Random_Forest,0,0
Train,Random_Forest,1,1
Train,Random_Forest,0,0
Train,Random_Forest,0,0
Train,Random_Forest,0,0
Train,Random_Forest,1,1
Train,Random_Forest,1,1
Train,Random_Forest,0,0
Train,Random_Forest,0,0
Train,Random_Forest,0,0
Train,Random_Forest,1,1
Train,Random_Forest,0,0
Train,Random_Forest,1,1
Train,Random_Forest,1,1
Train,Random_Forest,1,1
Train,Random_Forest,0,0
Train,Random_Forest,0,0
Train,Random_Forest,1,1
Train,Random_Forest,0,0
Train,Random_Forest,1,1
Train,Random_Forest,1,1
Train,Random_Forest,1,1
Train,Random_Forest,0,0
Train,Random_Forest,1,1
Train,Random_Forest,0,0
Train,Random_Forest,1,1
Train,Random_Forest,0,0
Train,Random_Forest,1,1
Train,Random_Forest,0,0
Train,Random_Forest,1,1
Train,Random_Forest,1,1
Train,Random_Forest,1,1
Train,Random_Forest,1,1
Train,Random_Forest,0,0
Train,Random_Forest,0,0
Train,Random_Forest,1,1
Train,Random_Forest,1,1
Train,Random_Forest,0,0
Train,Random_Forest,1,1
Train,Random_Forest,0,0
Train,Random_Forest,0,0
Train,Random_Forest,0,0
Train,Random_Forest,1,1
Train,Random_Forest,0,0
Train,Random_Forest,0,0
Train,Random_Forest,1,1
Train,Random_Forest,1,1
Train,Random_Forest,0,0
Train,Random_Forest,1,1
Train,Random_Forest,1,1
Train,Random_Forest,0,0
Train,Random_Forest,0,0
Train,Random_Forest,0,0
Train,Random_Forest,0,0
Train,Random_Forest,0,0
Train,Random_Forest,1,1
Train,Random_Forest,0,0
Train,Random_Forest,0,0
Train,Random_Forest,1,1
Train,Random_Forest,0,0
Train,Random_Forest,1,1
Train,Random_Forest,0,0
Train,Random_Forest,0,0
Train,Random_Forest,0,0
Train,Random_Forest,1,1
Train,Random_Forest,0,0
Train,Random_Forest,1,1
Train,Random_Forest,0,0
Train,Random_Forest,1,1
Train,Random_Forest,1,1
Train,Random_Forest,1,1
Train,Random_Forest,0,0
Train,Random_Forest,1,1
Train,Random_Forest,0,0
Train,Random_Forest,0,0
Train,Random_Forest,1,1
Train,Random_Forest,0,0
Train,Random_Forest,0,0
Train,Random_Forest,0,0
Train,Random_Forest,0,0
Train,Random_Forest,0,0
Train,Random_Forest,1,1
Train,Random_Forest,0,0
Train,Random_Forest,1,1
Train,Random_Forest,1,1
Train,Random_Forest,0,0
Train,Random_Forest,0,0
Train,Random_Forest,0,0
Train,Random_Forest,1,1
Train,Random_Forest,0,0
Train,Random_Forest,0,0
Train,Random_Forest,1,1
Train,Random_Forest,0,0
Train,Random_Forest,0,0
Train,Random_Forest,0,0
Train,Random_Forest,0,0
Train,Random_Forest,0,0
Train,Random_Forest,1,1
Train,Random_Forest,1,1
Train,Random_Forest,0,0
Train,Random_Forest,0,0
Train,Random_Forest,1,1
Train,Random_Forest,1,1
Train,Random_Forest,0,0
Train,Random_Forest,0,0
Train,Random_Forest,1,1
Train,Random_Forest,1,1
Train,Random_Forest,0,0
Train,Random_Forest,0,0
Train,Random_Forest,1,1
Train,Random_Forest,0,0
Train,Random_Forest,1,1
Train,Random_Forest,0,0
Train,Random_Forest,1,1
Train,Random_Forest,0,0
Train,Random_Forest,1,1
Train,Random_Forest,0,0
Train,Random_Forest,1,1
Train,Random_Forest,0,0
Train,Random_Forest,1,1
Train,Random_Forest,1,1
Train,Random_Forest,1,1
Train,Random_Forest,1,1
Train,Random_Forest,0,0
Train,Random_Forest,0,0
Train,Random_Forest,0,0
Train,Random_Forest,0,0
Train,Random_Forest,1,1
Train,Random_Forest,1,1
Train,Random_Forest,1,1
Train,Random_Forest,0,0
Train,Random_Forest,1,1
Train,Random_Forest,0,0
Train,Random_Forest,0,0
Train,Random_Forest,0,0
Train,Random_Forest,1,1
Train,Random_Forest,0,0
Train,Random_Forest,1,1
Train,Random_Forest,1,1
Train,Random_Forest,1,1
Train,Random_Forest,0,0
Train,Random_Forest,1,1
Train,Random_Forest,0,0
Train,Random_Forest,1,1
Train,Random_Forest,0,0
Train,Random_Forest,0,0
Train,Random_Forest,1,1
Train,Random_Forest,1,1
Train,Random_Forest,0,0
Train,Random_Forest,0,0
Train,Random_Forest,1,1
Train,Random_Forest,0,0
Train,Random_Forest,1,1
Train,Random_Forest,1,1
Train,Random_Forest,0,0
Train,Random_Forest,1,1
Train,Random_Forest,1,1
Train,Random_Forest,1,1
Train,Random_Forest,0,0
Validation,Random_Forest,0,0
Validation,Random_Forest,0,0
Validation,Random_Forest,1,1
Validation,Random_Forest,1,1
Validation,Random_Forest,1,1
Validation,Random_Forest,0,0
Validation,Random_Forest,0,1
Validation,Random_Forest,0,0
Validation,Random_Forest,0,0
Validation,Random_Forest,0,0
Validation,Random_Forest,0,0
Validation,Random_Forest,0,0
Validation,Random_Forest,0,0
Validation,Random_Forest,1,1
Validation,Random_Forest,0,0
Validation,Random_Forest,0,0
Validation,Random_Forest,1,1
Validation,Random_Forest,1,1
Validation,Random_Forest,0,0
Validation,Random_Forest,0,0
Validation,Random_Forest,0,0
Validation,Random_Forest,1,1
Validation,Random_Forest,0,0
Validation,Random_Forest,0,0
Validation,Random_Forest,0,0
Validation,Random_Forest,1,1
Validation,Random_Forest,0,0
Validation,Random_Forest,1,1
Validation,Random_Forest,1,1
Validation,Random_Forest,0,0
Validation,Random_Forest,1,1
Validation,Random_Forest,0,1
Validation,Random_Forest,0,0
Validation,Random_Forest,1,1
Validation,Random_Forest,1,1
Validation,Random_Forest,0,0
Validation,Random_Forest,0,0
Validation,Random_Forest,0,0
Validation,Random_Forest,0,0
Validation,Random_Forest,0,0
Validation,Random_Forest,0,0
Validation,Random_Forest,1,1
Validation,Random_Forest,1,0
Validation,Random_Forest,1,1
Validation,Random_Forest,1,0
Validation,Random_Forest,1,1
Validation,Random_Forest,1,1
Validation,Random_Forest,0,0
Validation,Random_Forest,1,0
Validation,Random_Forest,1,1
Validation,Random_Forest,1,1
Validation,Random_Forest,1,1
Validation,Random_Forest,1,1
Validation,Random_Forest,1,0
Validation,Random_Forest,1,1
Validation,Random_Forest,1,0
Validation,Random_Forest,1,1
Validation,Random_Forest,1,1
Validation,Random_Forest,1,1
Validation,Random_Forest,1,1
Validation,Random_Forest,1,1
Validation,Random_Forest,0,0
Validation,Random_Forest,1,1
Validation,Random_Forest,1,1
Validation,Random_Forest,1,1
Validation,Random_Forest,1,1
Validation,Random_Forest,1,1
Validation,Random_Forest,1,1
Validation,Random_Forest,1,1
Validation,Random_Forest,1,1
Validation,Random_Forest,1,1
Validation,Random_Forest,0,0
Validation,Random_Forest,1,1
Validation,Random_Forest,1,1
Validation,Random_Forest,1,1
Validation,Random_Forest,1,1
Validation,Random_Forest,1,1
Validation,Random_Forest,1,1
Validation,Random_Forest,0,1
Validation,Random_Forest,1,1
Validation,Random_Forest,1,1
Validation,Random_Forest,1,1
Validation,Random_Forest,0,0
Validation,Random_Forest,0,0
Validation,Random_Forest,1,1
Validation,Random_Forest,1,1
Validation,Random_Forest,1,1
Validation,Random_Forest,1,1
Validation,Random_Forest,1,1
Validation,Random_Forest,1,1
Validation,Random_Forest,1,1
Validation,Random_Forest,0,0
Validation,Random_Forest,1,1
Validation,Random_Forest,0,1
Validation,Random_Forest,0,1
Validation,Random_Forest,0,0
Validation,Random_Forest,1,0
Validation,Random_Forest,1,1
Validation,Random_Forest,1,1
Validation,Random_Forest,1,1
Validation,Random_Forest,0,0
Validation,Random_Forest,0,0
Validation,Random_Forest,1,0
Validation,Random_Forest,0,1
Validation,Random_Forest,0,0
Validation,Random_Forest,1,0
Validation,Random_Forest,1,0
Validation,Random_Forest,0,0
Validation,Random_Forest,0,0
Validation,Random_Forest,1,1
Validation,Random_Forest,0,0
Validation,Random_Forest,0,0
Validation,Random_Forest,1,1
Validation,Random_Forest,1,1
Validation,Random_Forest,0,0
Validation,Random_Forest,1,0
Validation,Random_Forest,1,0
Validation,Random_Forest,1,1
Validation,Random_Forest,1,1
Validation,Random_Forest,0,0
Validation,Random_Forest,1,1
Validation,Random_Forest,1,1
Validation,Random_Forest,0,0
Validation,Random_Forest,0,1
Validation,Random_Forest,0,0
Validation,Random_Forest,1,1
Validation,Random_Forest,0,1
Validation,Random_Forest,0,0
Validation,Random_Forest,1,1
Validation,Random_Forest,0,1
Validation,Random_Forest,1,0
Validation,Random_Forest,1,1
Validation,Random_Forest,1,1
Validation,Random_Forest,0,1
Validation,Random_Forest,0,0
Validation,Random_Forest,0,1
Validation,Random_Forest,1,1
Validation,Random_Forest,1,1
Test,Random_Forest,0,0
Test,Random_Forest,1,1
Test,Random_Forest,0,0
Test,Random_Forest,0,1
Test,Random_Forest,0,0
Test,Random_Forest,1,1
Test,Random_Forest,1,1
Test,Random_Forest,1,1
Test,Random_Forest,0,0
Test,Random_Forest,0,0
Test,Random_Forest,1,1
Test,Random_Forest,1,1
Test,Random_Forest,0,0
Test,Random_Forest,0,0
Test,Random_Forest,0,0
Test,Random_Forest,1,1
Test,Random_Forest,0,0
Test,Random_Forest,0,0
Test,Random_Forest,0,0
Test,Random_Forest,0,0
Test,Random_Forest,0,0
Test,Random_Forest,1,1
Test,Random_Forest,1,1
Test,Random_Forest,1,0
Test,Random_Forest,0,0
Test,Random_Forest,1,1
Test,Random_Forest,0,0
Test,Random_Forest,0,0
Test,Random_Forest,0,0
Test,Random_Forest,0,0
Test,Random_Forest,0,0
Test,Random_Forest,0,0
Test,Random_Forest,0,0
Test,Random_Forest,1,1
Test,Random_Forest,1,0
Test,Random_Forest,1,1
Test,Random_Forest,1,1
Test,Random_Forest,0,0
Test,Random_Forest,0,0
Test,Random_Forest,1,1
Test,Random_Forest,1,1
Test,Random_Forest,1,1
Test,Random_Forest,1,1
Test,Random_Forest,1,1
Test,Random_Forest,1,1
Test,Random_Forest,1,1
Test,Random_Forest,1,1
Test,Random_Forest,1,1
Test,Random_Forest,1,1
Test,Random_Forest,1,1
Test,Random_Forest,1,1
Test,Random_Forest,1,1
Test,Random_Forest,1,1
Test,Random_Forest,1,1
Test,Random_Forest,1,1
Test,Random_Forest,1,1
Test,Random_Forest,0,0
Test,Random_Forest,0,0
Test,Random_Forest,1,1
Test,Random_Forest,0,1
Test,Random_Forest,0,0
Test,Random_Forest,1,1
Test,Random_Forest,1,1
Test,Random_Forest,0,1
Test,Random_Forest,1,1
Test,Random_Forest,1,1
Test,Random_Forest,1,1
Test,Random_Forest,1,1
Test,Random_Forest,1,1
Test,Random_Forest,0,0
Test,Random_Forest,1,1
Test,Random_Forest,0,1
Test,Random_Forest,1,1
Test,Random_Forest,1,1
Test,Random_Forest,1,1
Test,Random_Forest,1,1
Test,Random_Forest,0,0
Test,Random_Forest,1,1
Test,Random_Forest,1,1
Test,Random_Forest,1,1
Test,Random_Forest,1,1
Test,Random_Forest,0,0
Test,Random_Forest,0,0
Test,Random_Forest,1,1
Test,Random_Forest,0,0
Test,Random_Forest,1,1
Test,Random_Forest,1,1
Test,Random_Forest,0,0
Test,Random_Forest,0,0
Test,Random_Forest,1,1
Test,Random_Forest,1,1
Test,Random_Forest,1,1
Test,Random_Forest,1,1
Test,Random_Forest,1,1
Test,Random_Forest,0,0
Test,Random_Forest,0,0
Test,Random_Forest,1,1
Test,Random_Forest,0,0
Test,Random_Forest,1,0
Test,Random_Forest,0,0
Test,Random_Forest,0,0
Test,Random_Forest,0,1
Test,Random_Forest,1,1
Test,Random_Forest,0,1
Test,Random_Forest,0,1
Test,Random_Forest,1,1
Test,Random_Forest,0,0
Test,Random_Forest,1,0
Test,Random_Forest,0,0
Test,Random_Forest,0,1
Test,Random_Forest,1,1
Test,Random_Forest,0,0
Test,Random_Forest,1,1
Test,Random_Forest,0,0
Test,Random_Forest,0,0
Test,Random_Forest,0,0
Test,Random_Forest,0,0
Test,Random_Forest,0,0
Test,Random_Forest,1,0
Test,Random_Forest,1,1
Test,Random_Forest,1,1
Test,Random_Forest,1,0
Test,Random_Forest,0,0
Test,Random_Forest,0,0
Test,Random_Forest,1,0
Test,Random_Forest,1,1
Test,Random_Forest,0,0
Test,Random_Forest,0,0
Test,Random_Forest,0,0
Test,Random_Forest,0,0
Test,Random_Forest,0,0
Test,Random_Forest,0,1
Test,Random_Forest,1,1
Test,Random_Forest,1,1
Test,Random_Forest,0,1
Test,Random_Forest,1,1
Test,Random_Forest,1,1
Train,CART,1,0
Train,CART,0,0
Train,CART,0,0
Train,CART,0,0
Train,CART,0,0
Train,CART,0,0
Train,CART,0,0
Train,CART,1,1
Train,CART,0,1
Train,CART,1,1
Train,CART,1,1
Train,CART,0,0
Train,CART,0,0
Train,CART,1,1
Train,CART,0,0
Train,CART,0,0
Train,CART,0,0
Train,CART,1,1
Train,CART,1,1
Train,CART,1,1
Train,CART,0,0
Train,CART,1,1
Train,CART,0,0
Train,CART,0,0
Train,CART,0,1
Train,CART,0,0
Train,CART,1,1
Train,CART,0,1
Train,CART,0,0
Train,CART,0,0
Train,CART,1,1
Train,CART,1,1
Train,CART,0,0
Train,CART,0,0
Train,CART,0,1
Train,CART,0,0
Train,CART,1,1
Train,CART,0,1
Train,CART,0,0
Train,CART,1,1
Train,CART,0,0
Train,CART,0,0
Train,CART,0,0
Train,CART,1,1
Train,CART,1,1
Train,CART,0,0
Train,CART,0,0
Train,CART,0,0
Train,CART,0,0
Train,CART,0,0
Train,CART,1,1
Train,CART,0,0
Train,CART,1,1
Train,CART,0,0
Train,CART,1,1
Train,CART,1,1
Train,CART,0,1
Train,CART,1,1
Train,CART,0,1
Train,CART,0,0
Train,CART,1,1
Train,CART,0,0
Train,CART,1,1
Train,CART,0,0
Train,CART,0,0
Train,CART,1,1
Train,CART,1,1
Train,CART,1,1
Train,CART,0,0
Train,CART,0,0
Train,CART,0,0
Train,CART,0,1
Train,CART,1,1
Train,CART,0,0
Train,CART,0,0
Train,CART,1,1
Train,CART,1,1
Train,CART,1,1
Train,CART,0,0
Train,CART,1,1
Train,CART,1,0
Train,CART,0,0
Train,CART,1,1
Train,CART,0,0
Train,CART,0,0
Train,CART,0,0
Train,CART,0,0
Train,CART,0,0
Train,CART,0,0
Train,CART,1,1
Train,CART,1,1
Train,CART,0,1
Train,CART,1,0
Train,CART,0,0
Train,CART,0,1
Train,CART,1,1
Train,CART,1,1
Train,CART,1,1
Train,CART,0,0
Train,CART,0,0
Train,CART,0,0
Train,CART,0,0
Train,CART,0,0
Train,CART,1,1
Train,CART,0,0
Train,CART,1,1
Train,CART,0,1
Train,CART,1,1
Train,CART,1,1
Train,CART,0,0
Train,CART,0,0
Train,CART,0,0
Train,CART,1,1
Train,CART,1,1
Train,CART,0,0
Train,CART,0,0
Train,CART,0,0
Train,CART,0,0
Train,CART,0,0
Train,CART,1,1
Train,CART,1,1
Train,CART,0,0
Train,CART,0,0
Train,CART,0,0
Train,CART,1,1
Train,CART,0,1
Train,CART,0,0
Train,CART,1,1
Train,CART,0,0
Train,CART,1,1
Train,CART,0,1
Train,CART,1,1
Train,CART,0,0
Train,CART,0,0
Train,CART,0,0
Train,CART,0,0
Train,CART,0,1
Train,CART,1,1
Train,CART,0,1
Train,CART,0,0
Train,CART,0,0
Train,CART,0,0
Train,CART,0,0
Train,CART,0,0
Train,CART,0,0
Train,CART,0,0
Train,CART,0,0
Train,CART,1,1
Train,CART,1,1
Train,CART,1,1
Train,CART,1,1
Train,CART,0,0
Train,CART,0,0
Train,CART,0,0
Train,CART,1,1
Train,CART,1,1
Train,CART,0,0
Train,CART,0,0
Train,CART,0,0
Train,CART,1,1
Train,CART,0,0
Train,CART,1,1
Train,CART,0,0
Train,CART,0,0
Train,CART,0,0
Train,CART,0,0
Train,CART,0,0
Train,CART,0,0
Train,CART,0,1
Train,CART,1,1
Train,CART,1,1
Train,CART,1,1
Train,CART,1,1
Train,CART,0,0
Train,CART,1,1
Train,CART,1,1
Train,CART,0,0
Train,CART,0,1
Train,CART,1,1
Train,CART,1,1
Train,CART,1,1
Train,CART,1,1
Train,CART,0,0
Train,CART,0,0
Train,CART,0,0
Train,CART,0,0
Train,CART,0,0
Train,CART,0,0
Train,CART,1,1
Train,CART,1,1
Train,CART,1,1
Train,CART,1,1
Train,CART,0,0
Train,CART,0,1
Train,CART,0,0
Train,CART,1,1
Train,CART,0,0
Train,CART,0,0
Train,CART,0,0
Train,CART,1,1
Train,CART,1,1
Train,CART,0,1
Train,CART,0,0
Train,CART,0,0
Train,CART,1,1
Train,CART,0,0
Train,CART,0,0
Train,CART,0,0
Train,CART,0,0
Train,CART,0,0
Train,CART,0,0
Train,CART,0,0
Train,CART,0,0
Train,CART,1,1
Train,CART,1,1
Train,CART,1,1
Train,CART,1,1
Train,CART,1,1
Train,CART,1,1
Train,CART,0,0
Train,CART,1,1
Train,CART,1,1
Train,CART,1,1
Train,CART,1,0
Train,CART,1,1
Train,CART,0,1
Train,CART,1,1
Train,CART,1,1
Train,CART,0,0
Train,CART,0,1
Train,CART,1,1
Train,CART,1,1
Train,CART,1,1
Train,CART,1,1
Train,CART,1,0
Train,CART,1,1
Train,CART,0,0
Train,CART,1,1
Train,CART,1,1
Train,CART,1,1
Train,CART,1,1
Train,CART,1,0
Train,CART,1,0
Train,CART,1,1
Train,CART,0,1
Train,CART,1,0
Train,CART,1,1
Train,CART,1,1
Train,CART,1,1
Train,CART,1,1
Train,CART,1,1
Train,CART,1,1
Train,CART,1,1
Train,CART,1,1
Train,CART,1,1
Train,CART,1,1
Train,CART,1,1
Train,CART,1,0
Train,CART,1,1
Train,CART,1,1
Train,CART,1,1
Train,CART,1,1
Train,CART,1,1
Train,CART,0,1
Train,CART,1,1
Train,CART,1,1
Train,CART,1,1
Train,CART,1,1
Train,CART,1,1
Train,CART,1,0
Train,CART,1,1
Train,CART,1,0
Train,CART,1,1
Train,CART,1,1
Train,CART,1,1
Train,CART,1,1
Train,CART,1,1
Train,CART,1,1
Train,CART,1,1
Train,CART,1,1
Train,CART,1,1
Train,CART,1,1
Train,CART,1,1
Train,CART,1,1
Train,CART,1,1
Train,CART,1,1
Train,CART,1,1
Train,CART,1,1
Train,CART,1,1
Train,CART,1,1
Train,CART,1,1
Train,CART,1,1
Train,CART,1,1
Train,CART,1,1
Train,CART,1,1
Train,CART,1,1
Train,CART,1,1
Train,CART,1,1
Train,CART,1,1
Train,CART,1,1
Train,CART,1,1
Train,CART,1,1
Train,CART,1,1
Train,CART,0,0
Train,CART,1,1
Train,CART,0,1
Train,CART,0,0
Train,CART,0,1
Train,CART,1,1
Train,CART,1,1
Train,CART,1,1
Train,CART,1,1
Train,CART,1,1
Train,CART,1,1
Train,CART,1,1
Train,CART,0,1
Train,CART,0,0
Train,CART,1,1
Train,CART,1,0
Train,CART,1,1
Train,CART,1,1
Train,CART,1,1
Train,CART,1,1
Train,CART,1,1
Train,CART,1,0
Train,CART,1,1
Train,CART,1,1
Train,CART,1,1
Train,CART,0,1
Train,CART,1,1
Train,CART,1,1
Train,CART,1,1
Train,CART,1,1
Train,CART,1,1
Train,CART,0,0
Train,CART,1,1
Train,CART,0,0
Train,CART,0,0
Train,CART,1,1
Train,CART,1,1
Train,CART,1,1
Train,CART,0,0
Train,CART,0,0
Train,CART,1,1
Train,CART,1,1
Train,CART,1,1
Train,CART,1,1
Train,CART,1,1
Train,CART,1,1
Train,CART,1,1
Train,CART,1,1
Train,CART,1,1
Train,CART,1,1
Train,CART,1,1
Train,CART,0,0
Train,CART,0,0
Train,CART,1,1
Train,CART,1,1
Train,CART,0,0
Train,CART,1,1
Train,CART,0,0
Train,CART,1,1
Train,CART,1,1
Train,CART,0,0
Train,CART,1,1
Train,CART,1,1
Train,CART,1,1
Train,CART,1,1
Train,CART,1,1
Train,CART,0,0
Train,CART,1,1
Train,CART,0,0
Train,CART,1,1
Train,CART,1,1
Train,CART,1,1
Train,CART,1,1
Train,CART,1,1
Train,CART,1,1
Train,CART,1,1
Train,CART,1,1
Train,CART,0,0
Train,CART,1,0
Train,CART,1,1
Train,CART,1,1
Train,CART,1,1
Train,CART,1,1
Train,CART,1,1
Train,CART,0,0
Train,CART,0,1
Train,CART,1,1
Train,CART,1,1
Train,CART,0,0
Train,CART,0,1
Train,CART,1,1
Train,CART,1,1
Train,CART,1,1
Train,CART,0,1
Train,CART,1,1
Train,CART,1,1
Train,CART,1,1
Train,CART,1,1
Train,CART,1,1
Train,CART,1,1
Train,CART,1,1
Train,CART,1,1
Train,CART,1,0
Train,CART,0,0
Train,CART,1,1
Train,CART,1,1
Train,CART,1,1
Train,CART,0,0
Train,CART,1,1
Train,CART,1,1
Train,CART,1,1
Train,CART,1,1
Train,CART,1,1
Train,CART,0,0
Train,CART,1,1
Train,CART,0,1
Train,CART,1,1
Train,CART,1,1
Train,CART,1,1
Train,CART,0,0
Train,CART,0,0
Train,CART,1,1
Train,CART,1,1
Train,CART,1,1
Train,CART,1,1
Train,CART,0,0
Train,CART,1,1
Train,CART,0,0
Train,CART,1,1
Train,CART,1,1
Train,CART,0,0
Train,CART,1,0
Train,CART,0,1
Train,CART,0,0
Train,CART,1,1
Train,CART,0,0
Train,CART,1,1
Train,CART,0,1
Train,CART,1,1
Train,CART,1,1
Train,CART,0,0
Train,CART,0,1
Train,CART,0,1
Train,CART,0,0
Train,CART,0,0
Train,CART,0,1
Train,CART,0,0
Train,CART,1,1
Train,CART,0,1
Train,CART,0,0
Train,CART,1,1
Train,CART,1,1
Train,CART,1,0
Train,CART,1,1
Train,CART,1,0
Train,CART,0,0
Train,CART,0,0
Train,CART,0,0
Train,CART,0,0
Train,CART,0,0
Train,CART,1,1
Train,CART,0,0
Train,CART,1,1
Train,CART,1,0
Train,CART,1,1
Train,CART,1,1
Train,CART,0,0
Train,CART,0,0
Train,CART,0,0
Train,CART,0,0
Train,CART,1,1
Train,CART,0,0
Train,CART,0,0
Train,CART,1,1
Train,CART,0,0
Train,CART,0,1
Train,CART,1,1
Train,CART,1,0
Train,CART,1,1
Train,CART,0,0
Train,CART,0,0
Train,CART,0,0
Train,CART,1,1
Train,CART,0,0
Train,CART,0,0
Train,CART,0,0
Train,CART,1,1
Train,CART,1,1
Train,CART,0,0
Train,CART,0,0
Train,CART,0,0
Train,CART,1,1
Train,CART,0,0
Train,CART,1,1
Train,CART,1,0
Train,CART,1,1
Train,CART,0,1
Train,CART,0,0
Train,CART,1,1
Train,CART,0,0
Train,CART,1,1
Train,CART,1,1
Train,CART,1,1
Train,CART,0,1
Train,CART,1,1
Train,CART,0,1
Train,CART,1,1
Train,CART,0,0
Train,CART,1,0
Train,CART,0,1
Train,CART,1,1
Train,CART,1,1
Train,CART,1,1
Train,CART,1,1
Train,CART,0,0
Train,CART,0,0
Train,CART,1,1
Train,CART,1,0
Train,CART,0,0
Train,CART,1,1
Train,CART,0,0
Train,CART,0,0
Train,CART,0,0
Train,CART,1,1
Train,CART,0,0
Train,CART,0,0
Train,CART,1,1
Train,CART,1,0
Train,CART,0,1
Train,CART,1,1
Train,CART,1,0
Train,CART,0,0
Train,CART,0,0
Train,CART,0,0
Train,CART,0,1
Train,CART,0,0
Train,CART,1,1
Train,CART,0,0
Train,CART,0,1
Train,CART,1,1
Train,CART,0,0
Train,CART,1,1
Train,CART,0,0
Train,CART,0,0
Train,CART,0,1
Train,CART,1,1
Train,CART,0,1
Train,CART,1,1
Train,CART,0,0
Train,CART,1,1
Train,CART,1,1
Train,CART,1,1
Train,CART,0,0
Train,CART,1,1
Train,CART,0,0
Train,CART,0,0
Train,CART,1,1
Train,CART,0,0
Train,CART,0,0
Train,CART,0,0
Train,CART,0,1
Train,CART,0,0
Train,CART,1,0
Train,CART,0,0
Train,CART,1,1
Train,CART,1,0
Train,CART,0,1
Train,CART,0,0
Train,CART,0,0
Train,CART,1,1
Train,CART,0,0
Train,CART,0,0
Train,CART,1,1
Train,CART,0,0
Train,CART,0,0
Train,CART,0,0
Train,CART,0,0
Train,CART,0,1
Train,CART,1,1
Train,CART,1,1
Train,CART,0,0
Train,CART,0,0
Train,CART,1,1
Train,CART,1,1
Train,CART,0,0
Train,CART,0,1
Train,CART,1,1
Train,CART,1,1
Train,CART,0,0
Train,CART,0,1
Train,CART,1,1
Train,CART,0,0
Train,CART,1,1
Train,CART,0,0
Train,CART,1,1
Train,CART,0,0
Train,CART,1,1
Train,CART,0,0
Train,CART,1,1
Train,CART,0,0
Train,CART,1,0
Train,CART,1,1
Train,CART,1,1
Train,CART,1,0
Train,CART,0,1
Train,CART,0,0
Train,CART,0,0
Train,CART,0,1
Train,CART,1,0
Train,CART,1,1
Train,CART,1,1
Train,CART,0,0
Train,CART,1,1
Train,CART,0,0
Train,CART,0,0
Train,CART,0,1
Train,CART,1,1
Train,CART,0,0
Train,CART,1,1
Train,CART,1,1
Train,CART,1,0
Train,CART,0,0
Train,CART,1,0
Train,CART,0,1
Train,CART,1,1
Train,CART,0,0
Train,CART,0,0
Train,CART,1,0
Train,CART,1,1
Train,CART,0,0
Train,CART,0,1
Train,CART,1,1
Train,CART,0,0
Train,CART,1,1
Train,CART,1,1
Train,CART,0,0
Train,CART,1,1
Train,CART,1,1
Train,CART,1,1
Train,CART,0,0
Validation,CART,0,0
Validation,CART,0,0
Validation,CART,1,1
Validation,CART,1,1
Validation,CART,1,1
Validation,CART,0,0
Validation,CART,0,1
Validation,CART,0,0
Validation,CART,0,0
Validation,CART,0,0
Validation,CART,0,0
Validation,CART,0,0
Validation,CART,0,0
Validation,CART,1,1
Validation,CART,0,0
Validation,CART,0,0
Validation,CART,1,1
Validation,CART,1,1
Validation,CART,0,0
Validation,CART,0,0
Validation,CART,0,0
Validation,CART,1,1
Validation,CART,0,0
Validation,CART,0,0
Validation,CART,0,0
Validation,CART,1,1
Validation,CART,0,0
Validation,CART,1,1
Validation,CART,1,1
Validation,CART,0,0
Validation,CART,1,1
Validation,CART,0,1
Validation,CART,0,0
Validation,CART,1,1
Validation,CART,1,1
Validation,CART,0,0
Validation,CART,0,0
Validation,CART,0,0
Validation,CART,0,0
Validation,CART,0,0
Validation,CART,0,0
Validation,CART,1,1
Validation,CART,1,0
Validation,CART,1,0
Validation,CART,1,0
Validation,CART,1,1
Validation,CART,1,0
Validation,CART,0,0
Validation,CART,1,0
Validation,CART,1,1
Validation,CART,1,1
Validation,CART,1,1
Validation,CART,1,1
Validation,CART,1,0
Validation,CART,1,1
Validation,CART,1,0
Validation,CART,1,1
Validation,CART,1,1
Validation,CART,1,1
Validation,CART,1,1
Validation,CART,1,1
Validation,CART,0,0
Validation,CART,1,1
Validation,CART,1,1
Validation,CART,1,1
Validation,CART,1,1
Validation,CART,1,1
Validation,CART,1,1
Validation,CART,1,1
Validation,CART,1,1
Validation,CART,1,1
Validation,CART,0,0
Validation,CART,1,1
Validation,CART,1,1
Validation,CART,1,1
Validation,CART,1,1
Validation,CART,1,1
Validation,CART,1,1
Validation,CART,0,1
Validation,CART,1,1
Validation,CART,1,1
Validation,CART,1,1
Validation,CART,0,0
Validation,CART,0,0
Validation,CART,1,1
Validation,CART,1,1
Validation,CART,1,1
Validation,CART,1,1
Validation,CART,1,1
Validation,CART,1,1
Validation,CART,1,1
Validation,CART,0,0
Validation,CART,1,1
Validation,CART,0,1
Validation,CART,0,1
Validation,CART,0,0
Validation,CART,1,0
Validation,CART,1,1
Validation,CART,1,1
Validation,CART,1,1
Validation,CART,0,0
Validation,CART,0,0
Validation,CART,1,0
Validation,CART,0,1
Validation,CART,0,0
Validation,CART,1,0
Validation,CART,1,0
Validation,CART,0,0
Validation,CART,0,0
Validation,CART,1,1
Validation,CART,0,0
Validation,CART,0,0
Validation,CART,1,1
Validation,CART,1,0
Validation,CART,0,0
Validation,CART,1,0
Validation,CART,1,0
Validation,CART,1,1
Validation,CART,1,1
Validation,CART,0,0
Validation,CART,1,1
Validation,CART,1,1
Validation,CART,0,1
Validation,CART,0,1
Validation,CART,0,0
Validation,CART,1,1
Validation,CART,0,0
Validation,CART,0,0
Validation,CART,1,1
Validation,CART,0,1
Validation,CART,1,0
Validation,CART,1,0
Validation,CART,1,1
Validation,CART,0,1
Validation,CART,0,0
Validation,CART,0,1
Validation,CART,1,1
Validation,CART,1,1
Test,CART,0,0
Test,CART,1,1
Test,CART,0,0
Test,CART,0,1
Test,CART,0,0
Test,CART,1,1
Test,CART,1,1
Test,CART,1,1
Test,CART,0,0
Test,CART,0,0
Test,CART,1,1
Test,CART,1,1
Test,CART,0,0
Test,CART,0,0
Test,CART,0,0
Test,CART,1,1
Test,CART,0,0
Test,CART,0,0
Test,CART,0,0
Test,CART,0,0
Test,CART,0,0
Test,CART,1,1
Test,CART,1,1
Test,CART,1,1
Test,CART,0,0
Test,CART,1,1
Test,CART,0,0
Test,CART,0,0
Test,CART,0,0
Test,CART,0,0
Test,CART,0,0
Test,CART,0,0
Test,CART,0,0
Test,CART,1,1
Test,CART,1,1
Test,CART,1,1
Test,CART,1,1
Test,CART,0,0
Test,CART,0,0
Test,CART,1,1
Test,CART,1,1
Test,CART,1,1
Test,CART,1,1
Test,CART,1,1
Test,CART,1,1
Test,CART,1,1
Test,CART,1,1
Test,CART,1,1
Test,CART,1,1
Test,CART,1,1
Test,CART,1,1
Test,CART,1,1
Test,CART,1,1
Test,CART,1,1
Test,CART,1,1
Test,CART,1,1
Test,CART,0,0
Test,CART,0,0
Test,CART,1,1
Test,CART,0,1
Test,CART,0,0
Test,CART,1,1
Test,CART,1,1
Test,CART,0,1
Test,CART,1,1
Test,CART,1,1
Test,CART,1,1
Test,CART,1,1
Test,CART,1,1
Test,CART,0,0
Test,CART,1,1
Test,CART,0,1
Test,CART,1,1
Test,CART,1,1
Test,CART,1,1
Test,CART,1,1
Test,CART,0,0
Test,CART,1,1
Test,CART,1,1
Test,CART,1,1
Test,CART,1,1
Test,CART,0,0
Test,CART,0,0
Test,CART,1,1
Test,CART,0,0
Test,CART,1,1
Test,CART,1,1
Test,CART,0,0
Test,CART,0,0
Test,CART,1,1
Test,CART,1,1
Test,CART,1,1
Test,CART,1,1
Test,CART,1,1
Test,CART,0,0
Test,CART,0,0
Test,CART,1,1
Test,CART,0,0
Test,CART,1,0
Test,CART,0,1
Test,CART,0,1
Test,CART,0,1
Test,CART,1,1
Test,CART,0,1
Test,CART,0,1
Test,CART,1,1
Test,CART,0,0
Test,CART,1,0
Test,CART,0,0
Test,CART,0,1
Test,CART,1,1
Test,CART,0,0
Test,CART,1,1
Test,CART,0,0
Test,CART,0,0
Test,CART,0,0
Test,CART,0,1
Test,CART,0,0
Test,CART,1,0
Test,CART,1,1
Test,CART,1,1
Test,CART,1,0
Test,CART,0,1
Test,CART,0,0
Test,CART,1,0
Test,CART,1,1
Test,CART,0,0
Test,CART,0,1
Test,CART,0,0
Test,CART,0,0
Test,CART,0,0
Test,CART,0,0
Test,CART,1,1
Test,CART,1,1
Test,CART,0,1
Test,CART,1,1
Test,CART,1,1
Train,KNN,1,0
Train,KNN,0,0
Train,KNN,0,0
Train,KNN,0,0
Train,KNN,0,0
Train,KNN,0,0
Train,KNN,0,0
Train,KNN,1,1
Train,KNN,0,0
Train,KNN,1,1
Train,KNN,1,1
Train,KNN,0,0
Train,KNN,0,0
Train,KNN,1,1
Train,KNN,0,0
Train,KNN,0,0
Train,KNN,0,0
Train,KNN,1,1
Train,KNN,1,1
Train,KNN,1,1
Train,KNN,0,0
Train,KNN,1,1
Train,KNN,0,0
Train,KNN,0,0
Train,KNN,0,1
Train,KNN,0,0
Train,KNN,1,1
Train,KNN,0,1
Train,KNN,0,0
Train,KNN,0,1
Train,KNN,1,1
Train,KNN,1,1
Train,KNN,0,0
Train,KNN,0,0
Train,KNN,0,1
Train,KNN,0,0
Train,KNN,1,1
Train,KNN,0,0
Train,KNN,0,0
Train,KNN,1,1
Train,KNN,0,0
Train,KNN,0,0
Train,KNN,0,0
Train,KNN,1,1
Train,KNN,1,1
Train,KNN,0,0
Train,KNN,0,0
Train,KNN,0,0
Train,KNN,0,0
Train,KNN,0,0
Train,KNN,1,1
Train,KNN,0,0
Train,KNN,1,1
Train,KNN,0,0
Train,KNN,1,1
Train,KNN,1,1
Train,KNN,0,1
Train,KNN,1,1
Train,KNN,0,1
Train,KNN,0,0
Train,KNN,1,1
Train,KNN,0,0
Train,KNN,1,1
Train,KNN,0,0
Train,KNN,0,0
Train,KNN,1,1
Train,KNN,1,1
Train,KNN,1,1
Train,KNN,0,0
Train,KNN,0,0
Train,KNN,0,0
Train,KNN,0,0
Train,KNN,1,1
Train,KNN,0,1
Train,KNN,0,0
Train,KNN,1,1
Train,KNN,1,1
Train,KNN,1,1
Train,KNN,0,0
Train,KNN,1,1
Train,KNN,1,1
Train,KNN,0,0
Train,KNN,1,1
Train,KNN,0,0
Train,KNN,0,0
Train,KNN,0,0
Train,KNN,0,0
Train,KNN,0,1
Train,KNN,0,0
Train,KNN,1,1
Train,KNN,1,1
Train,KNN,0,1
Train,KNN,1,1
Train,KNN,0,0
Train,KNN,0,0
Train,KNN,1,1
Train,KNN,1,1
Train,KNN,1,1
Train,KNN,0,0
Train,KNN,0,0
Train,KNN,0,0
Train,KNN,0,0
Train,KNN,0,0
Train,KNN,1,1
Train,KNN,0,0
Train,KNN,1,1
Train,KNN,0,0
Train,KNN,1,1
Train,KNN,1,1
Train,KNN,0,0
Train,KNN,0,0
Train,KNN,0,0
Train,KNN,1,1
Train,KNN,1,1
Train,KNN,0,0
Train,KNN,0,0
Train,KNN,0,0
Train,KNN,0,0
Train,KNN,0,0
Train,KNN,1,1
Train,KNN,1,1
Train,KNN,0,0
Train,KNN,0,0
Train,KNN,0,0
Train,KNN,1,1
Train,KNN,0,1
Train,KNN,0,0
Train,KNN,1,1
Train,KNN,0,0
Train,KNN,1,1
Train,KNN,0,1
Train,KNN,1,1
Train,KNN,0,0
Train,KNN,0,0
Train,KNN,0,0
Train,KNN,0,0
Train,KNN,0,1
Train,KNN,1,1
Train,KNN,0,1
Train,KNN,0,0
Train,KNN,0,0
Train,KNN,0,0
Train,KNN,0,0
Train,KNN,0,0
Train,KNN,0,0
Train,KNN,0,0
Train,KNN,0,0
Train,KNN,1,1
Train,KNN,1,1
Train,KNN,1,1
Train,KNN,1,1
Train,KNN,0,0
Train,KNN,0,0
Train,KNN,0,0
Train,KNN,1,1
Train,KNN,1,1
Train,KNN,0,0
Train,KNN,0,0
Train,KNN,0,0
Train,KNN,1,1
Train,KNN,0,0
Train,KNN,1,1
Train,KNN,0,0
Train,KNN,0,0
Train,KNN,0,0
Train,KNN,0,0
Train,KNN,0,0
Train,KNN,0,0
Train,KNN,0,1
Train,KNN,1,1
Train,KNN,1,1
Train,KNN,1,1
Train,KNN,1,1
Train,KNN,0,0
Train,KNN,1,1
Train,KNN,1,1
Train,KNN,0,0
Train,KNN,0,0
Train,KNN,1,1
Train,KNN,1,1
Train,KNN,1,1
Train,KNN,1,1
Train,KNN,0,0
Train,KNN,0,0
Train,KNN,0,0
Train,KNN,0,0
Train,KNN,0,0
Train,KNN,0,0
Train,KNN,1,1
Train,KNN,1,1
Train,KNN,1,1
Train,KNN,1,1
Train,KNN,0,0
Train,KNN,0,0
Train,KNN,0,0
Train,KNN,1,1
Train,KNN,0,0
Train,KNN,0,0
Train,KNN,0,0
Train,KNN,1,1
Train,KNN,1,1
Train,KNN,0,1
Train,KNN,0,0
Train,KNN,0,0
Train,KNN,1,1
Train,KNN,0,0
Train,KNN,0,0
Train,KNN,0,0
Train,KNN,0,0
Train,KNN,0,0
Train,KNN,0,0
Train,KNN,0,0
Train,KNN,0,0
Train,KNN,1,1
Train,KNN,1,0
Train,KNN,1,1
Train,KNN,1,1
Train,KNN,1,1
Train,KNN,1,1
Train,KNN,0,0
Train,KNN,1,1
Train,KNN,1,1
Train,KNN,1,1
Train,KNN,1,1
Train,KNN,1,1
Train,KNN,0,0
Train,KNN,1,0
Train,KNN,1,1
Train,KNN,0,0
Train,KNN,0,1
Train,KNN,1,0
Train,KNN,1,1
Train,KNN,1,1
Train,KNN,1,1
Train,KNN,1,0
Train,KNN,1,1
Train,KNN,0,0
Train,KNN,1,1
Train,KNN,1,1
Train,KNN,1,1
Train,KNN,1,0
Train,KNN,1,0
Train,KNN,1,0
Train,KNN,1,1
Train,KNN,0,1
Train,KNN,1,0
Train,KNN,1,0
Train,KNN,1,1
Train,KNN,1,1
Train,KNN,1,1
Train,KNN,1,1
Train,KNN,1,1
Train,KNN,1,1
Train,KNN,1,1
Train,KNN,1,1
Train,KNN,1,1
Train,KNN,1,1
Train,KNN,1,0
Train,KNN,1,1
Train,KNN,1,1
Train,KNN,1,1
Train,KNN,1,1
Train,KNN,1,1
Train,KNN,0,1
Train,KNN,1,1
Train,KNN,1,1
Train,KNN,1,1
Train,KNN,1,1
Train,KNN,1,1
Train,KNN,1,1
Train,KNN,1,1
Train,KNN,1,0
Train,KNN,1,1
Train,KNN,1,1
Train,KNN,1,1
Train,KNN,1,1
Train,KNN,1,1
Train,KNN,1,1
Train,KNN,1,1
Train,KNN,1,1
Train,KNN,1,1
Train,KNN,1,1
Train,KNN,1,1
Train,KNN,1,1
Train,KNN,1,1
Train,KNN,1,1
Train,KNN,1,1
Train,KNN,1,1
Train,KNN,1,1
Train,KNN,1,1
Train,KNN,1,1
Train,KNN,1,1
Train,KNN,1,1
Train,KNN,1,1
Train,KNN,1,1
Train,KNN,1,1
Train,KNN,1,1
Train,KNN,1,1
Train,KNN,1,1
Train,KNN,1,1
Train,KNN,1,1
Train,KNN,1,1
Train,KNN,1,1
Train,KNN,0,0
Train,KNN,1,1
Train,KNN,0,1
Train,KNN,0,0
Train,KNN,0,1
Train,KNN,1,1
Train,KNN,1,1
Train,KNN,1,1
Train,KNN,1,1
Train,KNN,1,1
Train,KNN,1,1
Train,KNN,1,1
Train,KNN,0,1
Train,KNN,0,1
Train,KNN,1,0
Train,KNN,1,0
Train,KNN,1,1
Train,KNN,1,1
Train,KNN,1,1
Train,KNN,1,1
Train,KNN,1,1
Train,KNN,1,1
Train,KNN,1,1
Train,KNN,1,1
Train,KNN,1,1
Train,KNN,0,1
Train,KNN,1,1
Train,KNN,1,1
Train,KNN,1,1
Train,KNN,1,1
Train,KNN,1,1
Train,KNN,0,0
Train,KNN,1,1
Train,KNN,0,0
Train,KNN,0,0
Train,KNN,1,1
Train,KNN,1,1
Train,KNN,1,1
Train,KNN,0,0
Train,KNN,0,0
Train,KNN,1,1
Train,KNN,1,1
Train,KNN,1,1
Train,KNN,1,1
Train,KNN,1,1
Train,KNN,1,1
Train,KNN,1,1
Train,KNN,1,1
Train,KNN,1,1
Train,KNN,1,1
Train,KNN,1,1
Train,KNN,0,0
Train,KNN,0,0
Train,KNN,1,1
Train,KNN,1,1
Train,KNN,0,0
Train,KNN,1,1
Train,KNN,0,0
Train,KNN,1,1
Train,KNN,1,0
Train,KNN,0,1
Train,KNN,1,1
Train,KNN,1,1
Train,KNN,1,1
Train,KNN,1,1
Train,KNN,1,1
Train,KNN,0,0
Train,KNN,1,1
Train,KNN,0,0
Train,KNN,1,1
Train,KNN,1,1
Train,KNN,1,1
Train,KNN,1,1
Train,KNN,1,1
Train,KNN,1,1
Train,KNN,1,1
Train,KNN,1,1
Train,KNN,0,0
Train,KNN,1,1
Train,KNN,1,1
Train,KNN,1,0
Train,KNN,1,1
Train,KNN,1,1
Train,KNN,1,1
Train,KNN,0,0
Train,KNN,0,1
Train,KNN,1,1
Train,KNN,1,1
Train,KNN,0,0
Train,KNN,0,1
Train,KNN,1,1
Train,KNN,1,1
Train,KNN,1,1
Train,KNN,0,1
Train,KNN,1,1
Train,KNN,1,1
Train,KNN,1,1
Train,KNN,1,1
Train,KNN,1,1
Train,KNN,1,1
Train,KNN,1,1
Train,KNN,1,1
Train,KNN,1,1
Train,KNN,0,0
Train,KNN,1,1
Train,KNN,1,1
Train,KNN,1,1
Train,KNN,0,1
Train,KNN,1,1
Train,KNN,1,1
Train,KNN,1,1
Train,KNN,1,1
Train,KNN,1,1
Train,KNN,0,0
Train,KNN,1,1
Train,KNN,0,1
Train,KNN,1,1
Train,KNN,1,1
Train,KNN,1,1
Train,KNN,0,0
Train,KNN,0,0
Train,KNN,1,1
Train,KNN,1,1
Train,KNN,1,1
Train,KNN,1,1
Train,KNN,0,0
Train,KNN,1,1
Train,KNN,0,0
Train,KNN,1,1
Train,KNN,1,1
Train,KNN,0,0
Train,KNN,1,0
Train,KNN,0,1
Train,KNN,0,0
Train,KNN,1,1
Train,KNN,0,1
Train,KNN,1,1
Train,KNN,0,1
Train,KNN,1,1
Train,KNN,1,1
Train,KNN,0,0
Train,KNN,0,1
Train,KNN,0,1
Train,KNN,0,0
Train,KNN,0,0
Train,KNN,0,1
Train,KNN,0,0
Train,KNN,1,1
Train,KNN,0,1
Train,KNN,0,0
Train,KNN,1,1
Train,KNN,1,1
Train,KNN,1,1
Train,KNN,1,1
Train,KNN,1,0
Train,KNN,0,0
Train,KNN,0,0
Train,KNN,0,0
Train,KNN,0,0
Train,KNN,0,0
Train,KNN,1,1
Train,KNN,0,0
Train,KNN,1,0
Train,KNN,1,0
Train,KNN,1,1
Train,KNN,1,1
Train,KNN,0,0
Train,KNN,0,0
Train,KNN,0,0
Train,KNN,0,0
Train,KNN,1,1
Train,KNN,0,0
Train,KNN,0,0
Train,KNN,1,1
Train,KNN,0,0
Train,KNN,0,1
Train,KNN,1,1
Train,KNN,1,0
Train,KNN,1,1
Train,KNN,0,0
Train,KNN,0,0
Train,KNN,0,0
Train,KNN,1,1
Train,KNN,0,0
Train,KNN,0,0
Train,KNN,0,0
Train,KNN,1,1
Train,KNN,1,1
Train,KNN,0,1
Train,KNN,0,0
Train,KNN,0,0
Train,KNN,1,1
Train,KNN,0,0
Train,KNN,1,1
Train,KNN,1,0
Train,KNN,1,1
Train,KNN,0,1
Train,KNN,0,0
Train,KNN,1,1
Train,KNN,0,0
Train,KNN,1,1
Train,KNN,1,1
Train,KNN,1,1
Train,KNN,0,1
Train,KNN,1,1
Train,KNN,0,0
Train,KNN,1,1
Train,KNN,0,0
Train,KNN,1,0
Train,KNN,0,0
Train,KNN,1,0
Train,KNN,1,1
Train,KNN,1,1
Train,KNN,1,1
Train,KNN,0,0
Train,KNN,0,0
Train,KNN,1,1
Train,KNN,1,1
Train,KNN,0,0
Train,KNN,1,1
Train,KNN,0,0
Train,KNN,0,1
Train,KNN,0,0
Train,KNN,1,1
Train,KNN,0,0
Train,KNN,0,1
Train,KNN,1,1
Train,KNN,1,1
Train,KNN,0,1
Train,KNN,1,1
Train,KNN,1,0
Train,KNN,0,0
Train,KNN,0,0
Train,KNN,0,0
Train,KNN,0,1
Train,KNN,0,0
Train,KNN,1,1
Train,KNN,0,0
Train,KNN,0,1
Train,KNN,1,1
Train,KNN,0,0
Train,KNN,1,1
Train,KNN,0,0
Train,KNN,0,0
Train,KNN,0,1
Train,KNN,1,1
Train,KNN,0,1
Train,KNN,1,1
Train,KNN,0,0
Train,KNN,1,1
Train,KNN,1,1
Train,KNN,1,1
Train,KNN,0,0
Train,KNN,1,1
Train,KNN,0,0
Train,KNN,0,0
Train,KNN,1,1
Train,KNN,0,0
Train,KNN,0,0
Train,KNN,0,0
Train,KNN,0,1
Train,KNN,0,0
Train,KNN,1,1
Train,KNN,0,0
Train,KNN,1,1
Train,KNN,1,0
Train,KNN,0,1
Train,KNN,0,0
Train,KNN,0,1
Train,KNN,1,1
Train,KNN,0,0
Train,KNN,0,0
Train,KNN,1,1
Train,KNN,0,0
Train,KNN,0,0
Train,KNN,0,0
Train,KNN,0,0
Train,KNN,0,1
Train,KNN,1,1
Train,KNN,1,1
Train,KNN,0,0
Train,KNN,0,0
Train,KNN,1,0
Train,KNN,1,1
Train,KNN,0,0
Train,KNN,0,1
Train,KNN,1,1
Train,KNN,1,1
Train,KNN,0,0
Train,KNN,0,1
Train,KNN,1,1
Train,KNN,0,0
Train,KNN,1,1
Train,KNN,0,0
Train,KNN,1,1
Train,KNN,0,0
Train,KNN,1,1
Train,KNN,0,0
Train,KNN,1,1
Train,KNN,0,0
Train,KNN,1,1
Train,KNN,1,1
Train,KNN,1,1
Train,KNN,1,0
Train,KNN,0,0
Train,KNN,0,0
Train,KNN,0,0
Train,KNN,0,1
Train,KNN,1,0
Train,KNN,1,1
Train,KNN,1,1
Train,KNN,0,0
Train,KNN,1,0
Train,KNN,0,0
Train,KNN,0,0
Train,KNN,0,0
Train,KNN,1,1
Train,KNN,0,0
Train,KNN,1,1
Train,KNN,1,1
Train,KNN,1,0
Train,KNN,0,0
Train,KNN,1,0
Train,KNN,0,1
Train,KNN,1,1
Train,KNN,0,0
Train,KNN,0,0
Train,KNN,1,0
Train,KNN,1,1
Train,KNN,0,0
Train,KNN,0,0
Train,KNN,1,1
Train,KNN,0,0
Train,KNN,1,1
Train,KNN,1,1
Train,KNN,0,0
Train,KNN,1,1
Train,KNN,1,1
Train,KNN,1,0
Train,KNN,0,0
Validation,KNN,0,0
Validation,KNN,0,0
Validation,KNN,1,1
Validation,KNN,1,1
Validation,KNN,1,1
Validation,KNN,0,0
Validation,KNN,0,1
Validation,KNN,0,0
Validation,KNN,0,0
Validation,KNN,0,0
Validation,KNN,0,0
Validation,KNN,0,0
Validation,KNN,0,0
Validation,KNN,1,1
Validation,KNN,0,0
Validation,KNN,0,0
Validation,KNN,1,1
Validation,KNN,1,1
Validation,KNN,0,0
Validation,KNN,0,0
Validation,KNN,0,0
Validation,KNN,1,1
Validation,KNN,0,0
Validation,KNN,0,0
Validation,KNN,0,0
Validation,KNN,1,1
Validation,KNN,0,0
Validation,KNN,1,1
Validation,KNN,1,1
Validation,KNN,0,0
Validation,KNN,1,1
Validation,KNN,0,0
Validation,KNN,0,0
Validation,KNN,1,1
Validation,KNN,1,1
Validation,KNN,0,1
Validation,KNN,0,0
Validation,KNN,0,0
Validation,KNN,0,0
Validation,KNN,0,0
Validation,KNN,0,0
Validation,KNN,1,0
Validation,KNN,1,0
Validation,KNN,1,0
Validation,KNN,1,0
Validation,KNN,1,1
Validation,KNN,1,1
Validation,KNN,0,0
Validation,KNN,1,0
Validation,KNN,1,1
Validation,KNN,1,1
Validation,KNN,1,1
Validation,KNN,1,1
Validation,KNN,1,1
Validation,KNN,1,1
Validation,KNN,1,1
Validation,KNN,1,1
Validation,KNN,1,1
Validation,KNN,1,1
Validation,KNN,1,1
Validation,KNN,1,1
Validation,KNN,0,0
Validation,KNN,1,1
Validation,KNN,1,1
Validation,KNN,1,1
Validation,KNN,1,1
Validation,KNN,1,1
Validation,KNN,1,1
Validation,KNN,1,1
Validation,KNN,1,1
Validation,KNN,1,1
Validation,KNN,0,0
Validation,KNN,1,1
Validation,KNN,1,1
Validation,KNN,1,1
Validation,KNN,1,1
Validation,KNN,1,1
Validation,KNN,1,1
Validation,KNN,0,1
Validation,KNN,1,1
Validation,KNN,1,1
Validation,KNN,1,0
Validation,KNN,0,1
Validation,KNN,0,0
Validation,KNN,1,1
Validation,KNN,1,1
Validation,KNN,1,1
Validation,KNN,1,1
Validation,KNN,1,1
Validation,KNN,1,1
Validation,KNN,1,1
Validation,KNN,0,0
Validation,KNN,1,1
Validation,KNN,0,1
Validation,KNN,0,1
Validation,KNN,0,0
Validation,KNN,1,0
Validation,KNN,1,1
Validation,KNN,1,1
Validation,KNN,1,1
Validation,KNN,0,0
Validation,KNN,0,1
Validation,KNN,1,0
Validation,KNN,0,1
Validation,KNN,0,0
Validation,KNN,1,0
Validation,KNN,1,0
Validation,KNN,0,0
Validation,KNN,0,0
Validation,KNN,1,1
Validation,KNN,0,0
Validation,KNN,0,0
Validation,KNN,1,1
Validation,KNN,1,1
Validation,KNN,0,0
Validation,KNN,1,0
Validation,KNN,1,0
Validation,KNN,1,1
Validation,KNN,1,1
Validation,KNN,0,0
Validation,KNN,1,1
Validation,KNN,1,1
Validation,KNN,0,1
Validation,KNN,0,1
Validation,KNN,0,0
Validation,KNN,1,1
Validation,KNN,0,1
Validation,KNN,0,0
Validation,KNN,1,1
Validation,KNN,0,1
Validation,KNN,1,0
Validation,KNN,1,0
Validation,KNN,1,1
Validation,KNN,0,1
Validation,KNN,0,0
Validation,KNN,0,1
Validation,KNN,1,1
Validation,KNN,1,1
Test,KNN,0,0
Test,KNN,1,1
Test,KNN,0,0
Test,KNN,0,1
Test,KNN,0,0
Test,KNN,1,1
Test,KNN,1,1
Test,KNN,1,1
Test,KNN,0,0
Test,KNN,0,0
Test,KNN,1,1
Test,KNN,1,1
Test,KNN,0,0
Test,KNN,0,0
Test,KNN,0,0
Test,KNN,1,1
Test,KNN,0,0
Test,KNN,0,0
Test,KNN,0,0
Test,KNN,0,0
Test,KNN,0,0
Test,KNN,1,1
Test,KNN,1,1
Test,KNN,1,0
Test,KNN,0,0
Test,KNN,1,1
Test,KNN,0,0
Test,KNN,0,0
Test,KNN,0,0
Test,KNN,0,0
Test,KNN,0,0
Test,KNN,0,0
Test,KNN,0,0
Test,KNN,1,1
Test,KNN,1,1
Test,KNN,1,1
Test,KNN,1,1
Test,KNN,0,0
Test,KNN,0,0
Test,KNN,1,1
Test,KNN,1,1
Test,KNN,1,1
Test,KNN,1,1
Test,KNN,1,1
Test,KNN,1,1
Test,KNN,1,1
Test,KNN,1,1
Test,KNN,1,1
Test,KNN,1,1
Test,KNN,1,1
Test,KNN,1,1
Test,KNN,1,1
Test,KNN,1,1
Test,KNN,1,1
Test,KNN,1,1
Test,KNN,1,0
Test,KNN,0,0
Test,KNN,0,0
Test,KNN,1,1
Test,KNN,0,1
Test,KNN,0,0
Test,KNN,1,1
Test,KNN,1,1
Test,KNN,0,1
Test,KNN,1,1
Test,KNN,1,1
Test,KNN,1,1
Test,KNN,1,1
Test,KNN,1,1
Test,KNN,0,0
Test,KNN,1,1
Test,KNN,0,1
Test,KNN,1,1
Test,KNN,1,1
Test,KNN,1,1
Test,KNN,1,1
Test,KNN,0,0
Test,KNN,1,1
Test,KNN,1,1
Test,KNN,1,1
Test,KNN,1,1
Test,KNN,0,0
Test,KNN,0,0
Test,KNN,1,1
Test,KNN,0,0
Test,KNN,1,1
Test,KNN,1,1
Test,KNN,0,0
Test,KNN,0,0
Test,KNN,1,1
Test,KNN,1,1
Test,KNN,1,1
Test,KNN,1,1
Test,KNN,1,1
Test,KNN,0,0
Test,KNN,0,0
Test,KNN,1,1
Test,KNN,0,0
Test,KNN,1,0
Test,KNN,0,0
Test,KNN,0,1
Test,KNN,0,1
Test,KNN,1,1
Test,KNN,0,1
Test,KNN,0,1
Test,KNN,1,1
Test,KNN,0,0
Test,KNN,1,1
Test,KNN,0,0
Test,KNN,0,0
Test,KNN,1,0
Test,KNN,0,0
Test,KNN,1,1
Test,KNN,0,0
Test,KNN,0,0
Test,KNN,0,0
Test,KNN,0,0
Test,KNN,0,0
Test,KNN,1,0
Test,KNN,1,1
Test,KNN,1,1
Test,KNN,1,1
Test,KNN,0,0
Test,KNN,0,0
Test,KNN,1,0
Test,KNN,1,1
Test,KNN,0,0
Test,KNN,0,0
Test,KNN,0,0
Test,KNN,0,0
Test,KNN,0,0
Test,KNN,0,0
Test,KNN,1,1
Test,KNN,1,1
Test,KNN,0,1
Test,KNN,1,1
Test,KNN,1,1
